"","pid","X","Trial","TrialDuration","Block","Device","cost1","qual1","cost2","qual2","Choice","type","experiment","Cost_FT_time","Qual_FT_time","Other_FT_time","Cost_FT_count","Qual_FT_count","Other_FT_count","Tot_time","Tot_counts"
"1",1,1,1,3.4125,2,"Laptop",7,1,11,9,"Option2_label","WL","monitor",15369,15105,18056,52,53,43,48530,148
"2",1,2,2,2.9182,2,"Laptop",13,7,11,1,"Option1_label","WL","monitor",15369,15105,18056,52,53,43,48530,148
"3",1,3,3,3.4695,2,"Laptop",15,9,7,3,"Option1_label","WL","monitor",15369,15105,18056,52,53,43,48530,148
"4",1,4,4,3.5251,2,"Laptop",15,9,9,7,"Option2_label","WL","monitor",15369,15105,18056,52,53,43,48530,148
"5",1,5,5,3.0125,2,"Laptop",7,3,11,7,"Option1_label","WL","monitor",15369,15105,18056,52,53,43,48530,148
"6",1,6,6,2.8003,2,"Laptop",11,3,11,3,"Option1_label","WL","monitor",15369,15105,18056,52,53,43,48530,148
"7",1,7,7,3.0113,2,"Laptop",7,3,9,7,"Option2_label","WL","monitor",15369,15105,18056,52,53,43,48530,148
"8",1,8,8,4.2127,2,"Laptop",13,5,7,1,"Option1_label","WL","monitor",15369,15105,18056,52,53,43,48530,148
"9",1,9,9,2.8446,2,"Laptop",15,5,7,1,"Option1_label","WL","monitor",15369,15105,18056,52,53,43,48530,148
"10",1,10,10,2.3632,2,"Laptop",5,3,13,5,"Option2_label","WL","monitor",15369,15105,18056,52,53,43,48530,148
"11",1,11,11,3.0829,2,"Laptop",13,9,9,7,"Option1_label","WL","monitor",15369,15105,18056,52,53,43,48530,148
"12",1,12,12,2.5496,2,"Laptop",15,9,13,1,"Option1_label","WL","monitor",15369,15105,18056,52,53,43,48530,148
"13",2,13,1,8.5727,3,"Monitor",11,9,9,1,"Option1_label","WL","monitor",25586,18952,22298,99,87,97,66836,283
"14",2,14,2,4.5528,3,"Monitor",5,5,13,7,"Option1_label","WL","monitor",25586,18952,22298,99,87,97,66836,283
"15",2,15,3,5.379,3,"Monitor",5,5,15,9,"Option1_label","WL","monitor",25586,18952,22298,99,87,97,66836,283
"16",2,16,4,7.117,3,"Monitor",9,5,15,9,"Option1_label","WL","monitor",25586,18952,22298,99,87,97,66836,283
"17",2,17,5,6.0163,3,"Monitor",5,1,15,3,"Option1_label","WL","monitor",25586,18952,22298,99,87,97,66836,283
"18",2,18,6,5.1997,3,"Monitor",9,9,5,7,"Option2_label","WL","monitor",25586,18952,22298,99,87,97,66836,283
"19",2,19,7,4.6358,3,"Monitor",15,7,7,1,"Option1_label","WL","monitor",25586,18952,22298,99,87,97,66836,283
"20",2,20,8,5.2998,3,"Monitor",11,7,7,1,"Option1_label","WL","monitor",25586,18952,22298,99,87,97,66836,283
"21",2,21,9,4.9965,3,"Monitor",9,7,5,3,"Option1_label","WL","monitor",25586,18952,22298,99,87,97,66836,283
"22",2,22,10,4.0525,3,"Monitor",13,7,9,5,"Option2_label","WL","monitor",25586,18952,22298,99,87,97,66836,283
"23",2,23,11,4.9499,3,"Monitor",9,3,15,9,"Option2_label","WL","monitor",25586,18952,22298,99,87,97,66836,283
"24",2,24,12,5.5359,3,"Monitor",11,1,13,3,"Option2_label","WL","monitor",25586,18952,22298,99,87,97,66836,283
"25",3,25,1,4.5133,2,"Monitor",7,1,11,9,"Option2_label","WL","monitor",17070,11677,25484,65,49,99,54231,213
"26",3,26,2,3.605,2,"Monitor",13,7,11,1,"Option1_label","WL","monitor",17070,11677,25484,65,49,99,54231,213
"27",3,27,3,4.2372,2,"Monitor",15,9,7,3,"Option2_label","WL","monitor",17070,11677,25484,65,49,99,54231,213
"28",3,28,4,5.4312,2,"Monitor",15,9,9,7,"Option2_label","WL","monitor",17070,11677,25484,65,49,99,54231,213
"29",3,29,5,2.5829,2,"Monitor",7,3,11,7,"Option2_label","WL","monitor",17070,11677,25484,65,49,99,54231,213
"30",3,30,6,3.3481,2,"Monitor",11,3,11,3,"Option1_label","WL","monitor",17070,11677,25484,65,49,99,54231,213
"31",3,31,7,3.2352,2,"Monitor",7,3,9,7,"Option2_label","WL","monitor",17070,11677,25484,65,49,99,54231,213
"32",3,32,8,3.9538,2,"Monitor",13,5,7,1,"Option1_label","WL","monitor",17070,11677,25484,65,49,99,54231,213
"33",3,33,9,5.3996,2,"Monitor",15,5,7,1,"Option2_label","WL","monitor",17070,11677,25484,65,49,99,54231,213
"34",3,34,10,3.8482,2,"Monitor",5,3,13,5,"Option1_label","WL","monitor",17070,11677,25484,65,49,99,54231,213
"35",3,35,11,4.4635,2,"Monitor",13,9,9,7,"Option2_label","WL","monitor",17070,11677,25484,65,49,99,54231,213
"36",3,36,12,3.6169,2,"Monitor",15,9,13,1,"Option1_label","WL","monitor",17070,11677,25484,65,49,99,54231,213
"37",4,37,1,4.7782,2,"Monitor",7,1,11,9,"Option2_label","WL","monitor",11413,6680,20301,44,32,58,38394,134
"38",4,38,2,2.3664,2,"Monitor",13,7,11,1,"Option1_label","WL","monitor",11413,6680,20301,44,32,58,38394,134
"39",4,39,3,2.2162,2,"Monitor",15,9,7,3,"Option1_label","WL","monitor",11413,6680,20301,44,32,58,38394,134
"40",4,40,4,2.2188,2,"Monitor",15,9,9,7,"Option1_label","WL","monitor",11413,6680,20301,44,32,58,38394,134
"41",4,41,5,2.233,2,"Monitor",7,3,11,7,"Option2_label","WL","monitor",11413,6680,20301,44,32,58,38394,134
"42",4,42,6,2.1142,2,"Monitor",11,3,11,3,"Option1_label","WL","monitor",11413,6680,20301,44,32,58,38394,134
"43",4,43,7,2.2331,2,"Monitor",7,3,9,7,"Option2_label","WL","monitor",11413,6680,20301,44,32,58,38394,134
"44",4,44,8,1.9984,2,"Monitor",13,5,7,1,"Option1_label","WL","monitor",11413,6680,20301,44,32,58,38394,134
"45",4,45,9,2.1467,2,"Monitor",15,5,7,1,"Option1_label","WL","monitor",11413,6680,20301,44,32,58,38394,134
"46",4,46,10,2.221,2,"Monitor",5,3,13,5,"Option2_label","WL","monitor",11413,6680,20301,44,32,58,38394,134
"47",4,47,11,2.0497,2,"Monitor",13,9,9,7,"Option1_label","WL","monitor",11413,6680,20301,44,32,58,38394,134
"48",4,48,12,1.9051,2,"Monitor",15,9,13,1,"Option1_label","WL","monitor",11413,6680,20301,44,32,58,38394,134
"49",5,49,1,4.6791,3,"Monitor",11,9,9,1,"Option1_label","WL","monitor",18124,18833,17858,72,66,70,54815,208
"50",5,50,2,4.3779,3,"Monitor",5,5,13,7,"Option1_label","WL","monitor",18124,18833,17858,72,66,70,54815,208
"51",5,51,3,4.5662,3,"Monitor",5,5,15,9,"Option1_label","WL","monitor",18124,18833,17858,72,66,70,54815,208
"52",5,52,4,4.4136,3,"Monitor",9,5,15,9,"Option2_label","WL","monitor",18124,18833,17858,72,66,70,54815,208
"53",5,53,5,4.7371,3,"Monitor",5,1,15,3,"Option1_label","WL","monitor",18124,18833,17858,72,66,70,54815,208
"54",5,54,6,3.7665,3,"Monitor",9,9,5,7,"Option2_label","WL","monitor",18124,18833,17858,72,66,70,54815,208
"55",5,55,7,4.3543,3,"Monitor",15,7,7,1,"Option1_label","WL","monitor",18124,18833,17858,72,66,70,54815,208
"56",5,56,8,3.9831,3,"Monitor",11,7,7,1,"Option1_label","WL","monitor",18124,18833,17858,72,66,70,54815,208
"57",5,57,9,3.3,3,"Monitor",9,7,5,3,"Option1_label","WL","monitor",18124,18833,17858,72,66,70,54815,208
"58",5,58,10,3.5826,3,"Monitor",13,7,9,5,"Option1_label","WL","monitor",18124,18833,17858,72,66,70,54815,208
"59",5,59,11,2.6017,3,"Monitor",9,3,15,9,"Option2_label","WL","monitor",18124,18833,17858,72,66,70,54815,208
"60",5,60,12,2.6466,3,"Monitor",11,1,13,3,"Option1_label","WL","monitor",18124,18833,17858,72,66,70,54815,208
"61",6,61,1,4.365,4,"Monitor",11,5,13,9,"Option2_label","WL","monitor",11014,12389,17005,33,38,37,40408,108
"62",6,62,2,2.1665,4,"Monitor",5,1,13,7,"Option2_label","WL","monitor",11014,12389,17005,33,38,37,40408,108
"63",6,63,3,2.3342,4,"Monitor",13,1,15,3,"Option2_label","WL","monitor",11014,12389,17005,33,38,37,40408,108
"64",6,64,4,2.533,4,"Monitor",7,9,5,5,"Option1_label","WL","monitor",11014,12389,17005,33,38,37,40408,108
"65",6,65,5,2.4854,4,"Monitor",9,1,15,9,"Option2_label","WL","monitor",11014,12389,17005,33,38,37,40408,108
"66",6,66,6,1.933,4,"Monitor",13,1,15,9,"Option2_label","WL","monitor",11014,12389,17005,33,38,37,40408,108
"67",6,67,7,2.3496,4,"Monitor",11,9,5,1,"Option1_label","WL","monitor",11014,12389,17005,33,38,37,40408,108
"68",6,68,8,2.5521,4,"Monitor",5,1,15,5,"Option2_label","WL","monitor",11014,12389,17005,33,38,37,40408,108
"69",6,69,9,2.6581,4,"Monitor",11,9,7,7,"Option1_label","WL","monitor",11014,12389,17005,33,38,37,40408,108
"70",6,70,10,3.2171,4,"Monitor",7,5,9,9,"Option2_label","WL","monitor",11014,12389,17005,33,38,37,40408,108
"71",6,71,11,2.0834,4,"Monitor",15,3,5,1,"Option1_label","WL","monitor",11014,12389,17005,33,38,37,40408,108
"72",6,72,12,2.7026,4,"Monitor",13,5,5,1,"Option1_label","WL","monitor",11014,12389,17005,33,38,37,40408,108
"73",7,73,1,6.6954,3,"Monitor",11,9,9,1,"Option1_label","WL","monitor",32485,29811,36098,96,114,119,98394,329
"74",7,74,2,9.683,3,"Monitor",5,5,13,7,"Option2_label","WL","monitor",32485,29811,36098,96,114,119,98394,329
"75",7,75,3,3.9997,3,"Monitor",5,5,15,9,"Option2_label","WL","monitor",32485,29811,36098,96,114,119,98394,329
"76",7,76,4,5.433,3,"Monitor",9,5,15,9,"Option2_label","WL","monitor",32485,29811,36098,96,114,119,98394,329
"77",7,77,5,10.453,3,"Monitor",5,1,15,3,"Option1_label","WL","monitor",32485,29811,36098,96,114,119,98394,329
"78",7,78,6,9.7519,3,"Monitor",9,9,5,7,"Option2_label","WL","monitor",32485,29811,36098,96,114,119,98394,329
"79",7,79,7,11.4156,3,"Monitor",15,7,7,1,"Option1_label","WL","monitor",32485,29811,36098,96,114,119,98394,329
"80",7,80,8,6.2331,3,"Monitor",11,7,7,1,"Option1_label","WL","monitor",32485,29811,36098,96,114,119,98394,329
"81",7,81,9,10.6478,3,"Monitor",9,7,5,3,"Option2_label","WL","monitor",32485,29811,36098,96,114,119,98394,329
"82",7,82,10,9.3493,3,"Monitor",13,7,9,5,"Option2_label","WL","monitor",32485,29811,36098,96,114,119,98394,329
"83",7,83,11,15.333,3,"Monitor",9,3,15,9,"Option2_label","WL","monitor",32485,29811,36098,96,114,119,98394,329
"84",7,84,12,6.5305,3,"Monitor",11,1,13,3,"Option1_label","WL","monitor",32485,29811,36098,96,114,119,98394,329
"85",8,85,1,5.1617,1,"Monitor",7,7,15,9,"Option2_label","WL","monitor",30118,20629,32495,117,92,134,83242,343
"86",8,86,2,4.0111,1,"Monitor",9,1,11,5,"Option2_label","WL","monitor",30118,20629,32495,117,92,134,83242,343
"87",8,87,3,4.8688,1,"Monitor",5,1,7,3,"Option2_label","WL","monitor",30118,20629,32495,117,92,134,83242,343
"88",8,88,4,9.4972,1,"Monitor",9,5,5,3,"Option1_label","WL","monitor",30118,20629,32495,117,92,134,83242,343
"89",8,89,5,4.1098,1,"Monitor",5,3,13,9,"Option2_label","WL","monitor",30118,20629,32495,117,92,134,83242,343
"90",8,90,6,4.5508,1,"Monitor",9,3,11,5,"Option2_label","WL","monitor",30118,20629,32495,117,92,134,83242,343
"91",8,91,7,8.2265,1,"Monitor",7,3,11,9,"Option2_label","WL","monitor",30118,20629,32495,117,92,134,83242,343
"92",8,92,8,3.6451,1,"Monitor",13,9,11,1,"Option1_label","WL","monitor",30118,20629,32495,117,92,134,83242,343
"93",8,93,9,12.2853,1,"Monitor",7,1,15,5,"Option2_label","WL","monitor",30118,20629,32495,117,92,134,83242,343
"94",8,94,10,6.4671,1,"Monitor",15,7,9,5,"Option2_label","WL","monitor",30118,20629,32495,117,92,134,83242,343
"95",8,95,11,12.7819,1,"Monitor",15,9,5,5,"Option2_label","WL","monitor",30118,20629,32495,117,92,134,83242,343
"96",8,96,12,3.2162,1,"Monitor",11,1,13,9,"Option2_label","WL","monitor",30118,20629,32495,117,92,134,83242,343
"97",9,97,1,8.8263,1,"Monitor",7,7,15,9,"Option1_label","WL","monitor",27431,21699,40593,112,97,165,89723,374
"98",9,98,2,5.4184,1,"Monitor",9,1,11,5,"Option2_label","WL","monitor",27431,21699,40593,112,97,165,89723,374
"99",9,99,3,5.7189,1,"Monitor",5,1,7,3,"Option2_label","WL","monitor",27431,21699,40593,112,97,165,89723,374
"100",9,100,4,11.9955,1,"Monitor",9,5,5,3,"Option1_label","WL","monitor",27431,21699,40593,112,97,165,89723,374
"101",9,101,5,3.701,1,"Monitor",5,3,13,9,"Option2_label","WL","monitor",27431,21699,40593,112,97,165,89723,374
"102",9,102,6,6.7234,1,"Monitor",9,3,11,5,"Option2_label","WL","monitor",27431,21699,40593,112,97,165,89723,374
"103",9,103,7,7.7821,1,"Monitor",7,3,11,9,"Option2_label","WL","monitor",27431,21699,40593,112,97,165,89723,374
"104",9,104,8,2.483,1,"Monitor",13,9,11,1,"Option1_label","WL","monitor",27431,21699,40593,112,97,165,89723,374
"105",9,105,9,10.4824,1,"Monitor",7,1,15,5,"Option1_label","WL","monitor",27431,21699,40593,112,97,165,89723,374
"106",9,106,10,10.6731,1,"Monitor",15,7,9,5,"Option2_label","WL","monitor",27431,21699,40593,112,97,165,89723,374
"107",9,107,11,5.1486,1,"Monitor",15,9,5,5,"Option2_label","WL","monitor",27431,21699,40593,112,97,165,89723,374
"108",9,108,12,4.3849,1,"Monitor",11,1,13,9,"Option2_label","WL","monitor",27431,21699,40593,112,97,165,89723,374
"109",10,109,1,5.2155,2,"Monitor",7,1,11,9,"Option2_label","WL","monitor",21128,10200,32707,90,49,122,64035,261
"110",10,110,2,4.9001,2,"Monitor",13,7,11,1,"Option1_label","WL","monitor",21128,10200,32707,90,49,122,64035,261
"111",10,111,3,3.9668,2,"Monitor",15,9,7,3,"Option1_label","WL","monitor",21128,10200,32707,90,49,122,64035,261
"112",10,112,4,5.733,2,"Monitor",15,9,9,7,"Option1_label","WL","monitor",21128,10200,32707,90,49,122,64035,261
"113",10,113,5,4.1464,2,"Monitor",7,3,11,7,"Option2_label","WL","monitor",21128,10200,32707,90,49,122,64035,261
"114",10,114,6,4.8462,2,"Monitor",11,3,11,3,"Option1_label","WL","monitor",21128,10200,32707,90,49,122,64035,261
"115",10,115,7,4.7331,2,"Monitor",7,3,9,7,"Option2_label","WL","monitor",21128,10200,32707,90,49,122,64035,261
"116",10,116,8,4.1294,2,"Monitor",13,5,7,1,"Option1_label","WL","monitor",21128,10200,32707,90,49,122,64035,261
"117",10,117,9,8.4695,2,"Monitor",15,5,7,1,"Option2_label","WL","monitor",21128,10200,32707,90,49,122,64035,261
"118",10,118,10,4.8798,2,"Monitor",5,3,13,5,"Option1_label","WL","monitor",21128,10200,32707,90,49,122,64035,261
"119",10,119,11,4.733,2,"Monitor",13,9,9,7,"Option1_label","WL","monitor",21128,10200,32707,90,49,122,64035,261
"120",10,120,12,3.282,2,"Monitor",15,9,13,1,"Option1_label","WL","monitor",21128,10200,32707,90,49,122,64035,261
"121",11,121,1,5.8704,3,"Monitor",11,9,9,1,"Option1_label","WL","monitor",16269,26836,41773,67,87,131,84878,285
"122",11,122,2,5.1331,3,"Monitor",5,5,13,7,"Option2_label","WL","monitor",16269,26836,41773,67,87,131,84878,285
"123",11,123,3,5.8437,3,"Monitor",5,5,15,9,"Option1_label","WL","monitor",16269,26836,41773,67,87,131,84878,285
"124",11,124,4,3.4362,3,"Monitor",9,5,15,9,"Option2_label","WL","monitor",16269,26836,41773,67,87,131,84878,285
"125",11,125,5,6.4224,3,"Monitor",5,1,15,3,"Option1_label","WL","monitor",16269,26836,41773,67,87,131,84878,285
"126",11,126,6,5.0471,3,"Monitor",9,9,5,7,"Option2_label","WL","monitor",16269,26836,41773,67,87,131,84878,285
"127",11,127,7,14.9831,3,"Monitor",15,7,7,1,"Option1_label","WL","monitor",16269,26836,41773,67,87,131,84878,285
"128",11,128,8,4.8354,3,"Monitor",11,7,7,1,"Option1_label","WL","monitor",16269,26836,41773,67,87,131,84878,285
"129",11,129,9,5.4204,3,"Monitor",9,7,5,3,"Option1_label","WL","monitor",16269,26836,41773,67,87,131,84878,285
"130",11,130,10,11.9663,3,"Monitor",13,7,9,5,"Option2_label","WL","monitor",16269,26836,41773,67,87,131,84878,285
"131",11,131,11,7.3685,3,"Monitor",9,3,15,9,"Option2_label","WL","monitor",16269,26836,41773,67,87,131,84878,285
"132",11,132,12,4.4314,3,"Monitor",11,1,13,3,"Option2_label","WL","monitor",16269,26836,41773,67,87,131,84878,285
"133",12,133,1,9.0952,3,"Monitor",11,9,9,1,"Option1_label","WL","monitor",21518,29016,13526,89,111,63,64060,263
"134",12,134,2,4.7986,3,"Monitor",5,5,13,7,"Option2_label","WL","monitor",21518,29016,13526,89,111,63,64060,263
"135",12,135,3,5.0482,3,"Monitor",5,5,15,9,"Option1_label","WL","monitor",21518,29016,13526,89,111,63,64060,263
"136",12,136,4,5.5444,3,"Monitor",9,5,15,9,"Option2_label","WL","monitor",21518,29016,13526,89,111,63,64060,263
"137",12,137,5,3.7994,3,"Monitor",5,1,15,3,"Option1_label","WL","monitor",21518,29016,13526,89,111,63,64060,263
"138",12,138,6,3.5418,3,"Monitor",9,9,5,7,"Option1_label","WL","monitor",21518,29016,13526,89,111,63,64060,263
"139",12,139,7,5.1904,3,"Monitor",15,7,7,1,"Option1_label","WL","monitor",21518,29016,13526,89,111,63,64060,263
"140",12,140,8,3.9644,3,"Monitor",11,7,7,1,"Option1_label","WL","monitor",21518,29016,13526,89,111,63,64060,263
"141",12,141,9,2.5034,3,"Monitor",9,7,5,3,"Option1_label","WL","monitor",21518,29016,13526,89,111,63,64060,263
"142",12,142,10,2.7421,3,"Monitor",13,7,9,5,"Option1_label","WL","monitor",21518,29016,13526,89,111,63,64060,263
"143",12,143,11,5.352,3,"Monitor",9,3,15,9,"Option2_label","WL","monitor",21518,29016,13526,89,111,63,64060,263
"144",12,144,12,6.2313,3,"Monitor",11,1,13,3,"Option2_label","WL","monitor",21518,29016,13526,89,111,63,64060,263
"145",13,145,1,4.3561,1,"Monitor",7,7,15,9,"Option1_label","WL","monitor",12118,22239,13251,58,84,51,47608,193
"146",13,146,2,3.2834,1,"Monitor",9,1,11,5,"Option2_label","WL","monitor",12118,22239,13251,58,84,51,47608,193
"147",13,147,3,3.2182,1,"Monitor",5,1,7,3,"Option2_label","WL","monitor",12118,22239,13251,58,84,51,47608,193
"148",13,148,4,3.9973,1,"Monitor",9,5,5,3,"Option1_label","WL","monitor",12118,22239,13251,58,84,51,47608,193
"149",13,149,5,3.165,1,"Monitor",5,3,13,9,"Option2_label","WL","monitor",12118,22239,13251,58,84,51,47608,193
"150",13,150,6,3.1853,1,"Monitor",9,3,11,5,"Option2_label","WL","monitor",12118,22239,13251,58,84,51,47608,193
"151",13,151,7,2.5433,1,"Monitor",7,3,11,9,"Option2_label","WL","monitor",12118,22239,13251,58,84,51,47608,193
"152",13,152,8,2.6331,1,"Monitor",13,9,11,1,"Option1_label","WL","monitor",12118,22239,13251,58,84,51,47608,193
"153",13,153,9,3.066,1,"Monitor",7,1,15,5,"Option2_label","WL","monitor",12118,22239,13251,58,84,51,47608,193
"154",13,154,10,3.8613,1,"Monitor",15,7,9,5,"Option2_label","WL","monitor",12118,22239,13251,58,84,51,47608,193
"155",13,155,11,2.9165,1,"Monitor",15,9,5,5,"Option1_label","WL","monitor",12118,22239,13251,58,84,51,47608,193
"156",13,156,12,2.4138,1,"Monitor",11,1,13,9,"Option2_label","WL","monitor",12118,22239,13251,58,84,51,47608,193
"157",14,157,1,3.1615,4,"Monitor",11,5,13,9,"Option2_label","WL","monitor",5302,7344,20789,24,32,72,33435,128
"158",14,158,2,1.6332,4,"Monitor",5,1,13,7,"Option2_label","WL","monitor",5302,7344,20789,24,32,72,33435,128
"159",14,159,3,1.9338,4,"Monitor",13,1,15,3,"Option2_label","WL","monitor",5302,7344,20789,24,32,72,33435,128
"160",14,160,4,2.083,4,"Monitor",7,9,5,5,"Option1_label","WL","monitor",5302,7344,20789,24,32,72,33435,128
"161",14,161,5,2.0155,4,"Monitor",9,1,15,9,"Option2_label","WL","monitor",5302,7344,20789,24,32,72,33435,128
"162",14,162,6,1.6998,4,"Monitor",13,1,15,9,"Option2_label","WL","monitor",5302,7344,20789,24,32,72,33435,128
"163",14,163,7,2.033,4,"Monitor",11,9,5,1,"Option1_label","WL","monitor",5302,7344,20789,24,32,72,33435,128
"164",14,164,8,2.0999,4,"Monitor",5,1,15,5,"Option2_label","WL","monitor",5302,7344,20789,24,32,72,33435,128
"165",14,165,9,1.9813,4,"Monitor",11,9,7,7,"Option1_label","WL","monitor",5302,7344,20789,24,32,72,33435,128
"166",14,166,10,1.6657,4,"Monitor",7,5,9,9,"Option2_label","WL","monitor",5302,7344,20789,24,32,72,33435,128
"167",14,167,11,2.1855,4,"Monitor",15,3,5,1,"Option1_label","WL","monitor",5302,7344,20789,24,32,72,33435,128
"168",14,168,12,2.0952,4,"Monitor",13,5,5,1,"Option1_label","WL","monitor",5302,7344,20789,24,32,72,33435,128
"169",15,169,1,5.2822,4,"Monitor",11,5,13,9,"Option2_label","WL","monitor",22232,17942,16210,88,70,74,56384,232
"170",15,170,2,3.9494,4,"Monitor",5,1,13,7,"Option2_label","WL","monitor",22232,17942,16210,88,70,74,56384,232
"171",15,171,3,4.3498,4,"Monitor",13,1,15,3,"Option2_label","WL","monitor",22232,17942,16210,88,70,74,56384,232
"172",15,172,4,3.9329,4,"Monitor",7,9,5,5,"Option1_label","WL","monitor",22232,17942,16210,88,70,74,56384,232
"173",15,173,5,4.2366,4,"Monitor",9,1,15,9,"Option2_label","WL","monitor",22232,17942,16210,88,70,74,56384,232
"174",15,174,6,3.4664,4,"Monitor",13,1,15,9,"Option2_label","WL","monitor",22232,17942,16210,88,70,74,56384,232
"175",15,175,7,4.3164,4,"Monitor",11,9,5,1,"Option1_label","WL","monitor",22232,17942,16210,88,70,74,56384,232
"176",15,176,8,4.2329,4,"Monitor",5,1,15,5,"Option1_label","WL","monitor",22232,17942,16210,88,70,74,56384,232
"177",15,177,9,5.3828,4,"Monitor",11,9,7,7,"Option2_label","WL","monitor",22232,17942,16210,88,70,74,56384,232
"178",15,178,10,6.0163,4,"Monitor",7,5,9,9,"Option2_label","WL","monitor",22232,17942,16210,88,70,74,56384,232
"179",15,179,11,3.2665,4,"Monitor",15,3,5,1,"Option2_label","WL","monitor",22232,17942,16210,88,70,74,56384,232
"180",15,180,12,2.8163,4,"Monitor",13,5,5,1,"Option2_label","WL","monitor",22232,17942,16210,88,70,74,56384,232
"181",16,181,1,2.3266,3,"Monitor",11,9,9,1,"Option1_label","WL","monitor",11175,12531,11578,40,52,44,35284,136
"182",16,182,2,2.1996,3,"Monitor",5,5,13,7,"Option2_label","WL","monitor",11175,12531,11578,40,52,44,35284,136
"183",16,183,3,2.8629,3,"Monitor",5,5,15,9,"Option2_label","WL","monitor",11175,12531,11578,40,52,44,35284,136
"184",16,184,4,2.3331,3,"Monitor",9,5,15,9,"Option2_label","WL","monitor",11175,12531,11578,40,52,44,35284,136
"185",16,185,5,2.352,3,"Monitor",5,1,15,3,"Option1_label","WL","monitor",11175,12531,11578,40,52,44,35284,136
"186",16,186,6,2.4165,3,"Monitor",9,9,5,7,"Option1_label","WL","monitor",11175,12531,11578,40,52,44,35284,136
"187",16,187,7,2.7163,3,"Monitor",15,7,7,1,"Option1_label","WL","monitor",11175,12531,11578,40,52,44,35284,136
"188",16,188,8,3.2664,3,"Monitor",11,7,7,1,"Option1_label","WL","monitor",11175,12531,11578,40,52,44,35284,136
"189",16,189,9,3.483,3,"Monitor",9,7,5,3,"Option1_label","WL","monitor",11175,12531,11578,40,52,44,35284,136
"190",16,190,10,3.2161,3,"Monitor",13,7,9,5,"Option1_label","WL","monitor",11175,12531,11578,40,52,44,35284,136
"191",16,191,11,3.5663,3,"Monitor",9,3,15,9,"Option2_label","WL","monitor",11175,12531,11578,40,52,44,35284,136
"192",16,192,12,2.4496,3,"Monitor",11,1,13,3,"Option1_label","WL","monitor",11175,12531,11578,40,52,44,35284,136
"193",17,193,1,4.5951,4,"Monitor",11,5,13,9,"Option2_label","WL","monitor",15953,16312,16971,66,68,70,49236,204
"194",17,194,2,4.5028,4,"Monitor",5,1,13,7,"Option2_label","WL","monitor",15953,16312,16971,66,68,70,49236,204
"195",17,195,3,2.786,4,"Monitor",13,1,15,3,"Option2_label","WL","monitor",15953,16312,16971,66,68,70,49236,204
"196",17,196,4,2.9663,4,"Monitor",7,9,5,5,"Option1_label","WL","monitor",15953,16312,16971,66,68,70,49236,204
"197",17,197,5,5.4987,4,"Monitor",9,1,15,9,"Option2_label","WL","monitor",15953,16312,16971,66,68,70,49236,204
"198",17,198,6,3.7353,4,"Monitor",13,1,15,9,"Option2_label","WL","monitor",15953,16312,16971,66,68,70,49236,204
"199",17,199,7,2.7854,4,"Monitor",11,9,5,1,"Option1_label","WL","monitor",15953,16312,16971,66,68,70,49236,204
"200",17,200,8,3.3245,4,"Monitor",5,1,15,5,"Option1_label","WL","monitor",15953,16312,16971,66,68,70,49236,204
"201",17,201,9,2.6034,4,"Monitor",11,9,7,7,"Option1_label","WL","monitor",15953,16312,16971,66,68,70,49236,204
"202",17,202,10,5.0975,4,"Monitor",7,5,9,9,"Option2_label","WL","monitor",15953,16312,16971,66,68,70,49236,204
"203",17,203,11,6.1335,4,"Monitor",15,3,5,1,"Option2_label","WL","monitor",15953,16312,16971,66,68,70,49236,204
"204",17,204,12,4.1389,4,"Monitor",13,5,5,1,"Option2_label","WL","monitor",15953,16312,16971,66,68,70,49236,204
"205",18,205,1,5.8287,3,"Monitor",11,9,9,1,"Option1_label","WL","monitor",28303,27587,40089,108,117,135,95979,360
"206",18,206,2,6.7328,3,"Monitor",5,5,13,7,"Option1_label","WL","monitor",28303,27587,40089,108,117,135,95979,360
"207",18,207,3,5.3999,3,"Monitor",5,5,15,9,"Option1_label","WL","monitor",28303,27587,40089,108,117,135,95979,360
"208",18,208,4,11.6997,3,"Monitor",9,5,15,9,"Option2_label","WL","monitor",28303,27587,40089,108,117,135,95979,360
"209",18,209,5,6.9858,3,"Monitor",5,1,15,3,"Option1_label","WL","monitor",28303,27587,40089,108,117,135,95979,360
"210",18,210,6,8.1018,3,"Monitor",9,9,5,7,"Option1_label","WL","monitor",28303,27587,40089,108,117,135,95979,360
"211",18,211,7,9.6,3,"Monitor",15,7,7,1,"Option1_label","WL","monitor",28303,27587,40089,108,117,135,95979,360
"212",18,212,8,4.9496,3,"Monitor",11,7,7,1,"Option1_label","WL","monitor",28303,27587,40089,108,117,135,95979,360
"213",18,213,9,8.2665,3,"Monitor",9,7,5,3,"Option1_label","WL","monitor",28303,27587,40089,108,117,135,95979,360
"214",18,214,10,14.3519,3,"Monitor",13,7,9,5,"Option1_label","WL","monitor",28303,27587,40089,108,117,135,95979,360
"215",18,215,11,6.713,3,"Monitor",9,3,15,9,"Option2_label","WL","monitor",28303,27587,40089,108,117,135,95979,360
"216",18,216,12,4.9525,3,"Monitor",11,1,13,3,"Option2_label","WL","monitor",28303,27587,40089,108,117,135,95979,360
"217",19,217,1,6.8653,3,"Monitor",11,9,9,1,"Option1_label","WL","monitor",30624,14160,18366,153,89,68,63150,310
"218",19,218,2,7.117,3,"Monitor",5,5,13,7,"Option1_label","WL","monitor",30624,14160,18366,153,89,68,63150,310
"219",19,219,3,5.4496,3,"Monitor",5,5,15,9,"Option1_label","WL","monitor",30624,14160,18366,153,89,68,63150,310
"220",19,220,4,3.3996,3,"Monitor",9,5,15,9,"Option2_label","WL","monitor",30624,14160,18366,153,89,68,63150,310
"221",19,221,5,6.6165,3,"Monitor",5,1,15,3,"Option1_label","WL","monitor",30624,14160,18366,153,89,68,63150,310
"222",19,222,6,4.7479,3,"Monitor",9,9,5,7,"Option1_label","WL","monitor",30624,14160,18366,153,89,68,63150,310
"223",19,223,7,5.933,3,"Monitor",15,7,7,1,"Option1_label","WL","monitor",30624,14160,18366,153,89,68,63150,310
"224",19,224,8,3.8831,3,"Monitor",11,7,7,1,"Option1_label","WL","monitor",30624,14160,18366,153,89,68,63150,310
"225",19,225,9,6.1831,3,"Monitor",9,7,5,3,"Option1_label","WL","monitor",30624,14160,18366,153,89,68,63150,310
"226",19,226,10,8.617,3,"Monitor",13,7,9,5,"Option1_label","WL","monitor",30624,14160,18366,153,89,68,63150,310
"227",19,227,11,10.8691,3,"Monitor",9,3,15,9,"Option2_label","WL","monitor",30624,14160,18366,153,89,68,63150,310
"228",19,228,12,7.5837,3,"Monitor",11,1,13,3,"Option2_label","WL","monitor",30624,14160,18366,153,89,68,63150,310
"229",20,229,1,3.5954,3,"Monitor",11,9,9,1,"Option1_label","WL","monitor",11222,22356,14974,32,66,56,48552,154
"230",20,230,2,2.7999,3,"Monitor",5,5,13,7,"Option2_label","WL","monitor",11222,22356,14974,32,66,56,48552,154
"231",20,231,3,2.6699,3,"Monitor",5,5,15,9,"Option2_label","WL","monitor",11222,22356,14974,32,66,56,48552,154
"232",20,232,4,3.2329,3,"Monitor",9,5,15,9,"Option2_label","WL","monitor",11222,22356,14974,32,66,56,48552,154
"233",20,233,5,2.6331,3,"Monitor",5,1,15,3,"Option1_label","WL","monitor",11222,22356,14974,32,66,56,48552,154
"234",20,234,6,2.9998,3,"Monitor",9,9,5,7,"Option1_label","WL","monitor",11222,22356,14974,32,66,56,48552,154
"235",20,235,7,2.6831,3,"Monitor",15,7,7,1,"Option1_label","WL","monitor",11222,22356,14974,32,66,56,48552,154
"236",20,236,8,2.7166,3,"Monitor",11,7,7,1,"Option1_label","WL","monitor",11222,22356,14974,32,66,56,48552,154
"237",20,237,9,3.6498,3,"Monitor",9,7,5,3,"Option1_label","WL","monitor",11222,22356,14974,32,66,56,48552,154
"238",20,238,10,3.783,3,"Monitor",13,7,9,5,"Option1_label","WL","monitor",11222,22356,14974,32,66,56,48552,154
"239",20,239,11,4.3177,3,"Monitor",9,3,15,9,"Option2_label","WL","monitor",11222,22356,14974,32,66,56,48552,154
"240",20,240,12,2.6308,3,"Monitor",11,1,13,3,"Option1_label","WL","monitor",11222,22356,14974,32,66,56,48552,154
"241",22,241,1,5.7087,3,"Monitor",11,9,9,1,"Option1_label","WL","monitor",21563,23843,16939,84,81,63,62345,228
"242",22,242,2,4.811,3,"Monitor",5,5,13,7,"Option1_label","WL","monitor",21563,23843,16939,84,81,63,62345,228
"243",22,243,3,3.9165,3,"Monitor",5,5,15,9,"Option1_label","WL","monitor",21563,23843,16939,84,81,63,62345,228
"244",22,244,4,7.6026,3,"Monitor",9,5,15,9,"Option1_label","WL","monitor",21563,23843,16939,84,81,63,62345,228
"245",22,245,5,6.55,3,"Monitor",5,1,15,3,"Option1_label","WL","monitor",21563,23843,16939,84,81,63,62345,228
"246",22,246,6,5.2189,3,"Monitor",9,9,5,7,"Option2_label","WL","monitor",21563,23843,16939,84,81,63,62345,228
"247",22,247,7,3.6332,3,"Monitor",15,7,7,1,"Option1_label","WL","monitor",21563,23843,16939,84,81,63,62345,228
"248",22,248,8,3.2998,3,"Monitor",11,7,7,1,"Option1_label","WL","monitor",21563,23843,16939,84,81,63,62345,228
"249",22,249,9,3.8664,3,"Monitor",9,7,5,3,"Option2_label","WL","monitor",21563,23843,16939,84,81,63,62345,228
"250",22,250,10,4.7829,3,"Monitor",13,7,9,5,"Option2_label","WL","monitor",21563,23843,16939,84,81,63,62345,228
"251",22,251,11,6.9495,3,"Monitor",9,3,15,9,"Option2_label","WL","monitor",21563,23843,16939,84,81,63,62345,228
"252",22,252,12,3.6212,3,"Monitor",11,1,13,3,"Option2_label","WL","monitor",21563,23843,16939,84,81,63,62345,228
"253",23,253,1,5.0332,2,"Monitor",7,1,11,9,"Option2_label","WL","monitor",18439,13205,35562,85,63,126,67206,274
"254",23,254,2,3.9854,2,"Monitor",13,7,11,1,"Option1_label","WL","monitor",18439,13205,35562,85,63,126,67206,274
"255",23,255,3,5.7152,2,"Monitor",15,9,7,3,"Option2_label","WL","monitor",18439,13205,35562,85,63,126,67206,274
"256",23,256,4,5.882,2,"Monitor",15,9,9,7,"Option2_label","WL","monitor",18439,13205,35562,85,63,126,67206,274
"257",23,257,5,4.2163,2,"Monitor",7,3,11,7,"Option2_label","WL","monitor",18439,13205,35562,85,63,126,67206,274
"258",23,258,6,5.6203,2,"Monitor",11,3,11,3,"Option1_label","WL","monitor",18439,13205,35562,85,63,126,67206,274
"259",23,259,7,3.9662,2,"Monitor",7,3,9,7,"Option2_label","WL","monitor",18439,13205,35562,85,63,126,67206,274
"260",23,260,8,4.4153,2,"Monitor",13,5,7,1,"Option1_label","WL","monitor",18439,13205,35562,85,63,126,67206,274
"261",23,261,9,6.9834,2,"Monitor",15,5,7,1,"Option2_label","WL","monitor",18439,13205,35562,85,63,126,67206,274
"262",23,262,10,3.5171,2,"Monitor",5,3,13,5,"Option1_label","WL","monitor",18439,13205,35562,85,63,126,67206,274
"263",23,263,11,5.0665,2,"Monitor",13,9,9,7,"Option1_label","WL","monitor",18439,13205,35562,85,63,126,67206,274
"264",23,264,12,6.0795,2,"Monitor",15,9,13,1,"Option1_label","WL","monitor",18439,13205,35562,85,63,126,67206,274
"265",24,265,1,3.6444,1,"Monitor",7,7,15,9,"Option1_label","WL","monitor",12567,16892,7793,52,64,42,37252,158
"266",24,266,2,2.6041,1,"Monitor",9,1,11,5,"Option2_label","WL","monitor",12567,16892,7793,52,64,42,37252,158
"267",24,267,3,1.9861,1,"Monitor",5,1,7,3,"Option2_label","WL","monitor",12567,16892,7793,52,64,42,37252,158
"268",24,268,4,3.1831,1,"Monitor",9,5,5,3,"Option1_label","WL","monitor",12567,16892,7793,52,64,42,37252,158
"269",24,269,5,3.4113,1,"Monitor",5,3,13,9,"Option2_label","WL","monitor",12567,16892,7793,52,64,42,37252,158
"270",24,270,6,2.8652,1,"Monitor",9,3,11,5,"Option2_label","WL","monitor",12567,16892,7793,52,64,42,37252,158
"271",24,271,7,3.2019,1,"Monitor",7,3,11,9,"Option2_label","WL","monitor",12567,16892,7793,52,64,42,37252,158
"272",24,272,8,2.4021,1,"Monitor",13,9,11,1,"Option1_label","WL","monitor",12567,16892,7793,52,64,42,37252,158
"273",24,273,9,2.1328,1,"Monitor",7,1,15,5,"Option2_label","WL","monitor",12567,16892,7793,52,64,42,37252,158
"274",24,274,10,3.2144,1,"Monitor",15,7,9,5,"Option1_label","WL","monitor",12567,16892,7793,52,64,42,37252,158
"275",24,275,11,3.633,1,"Monitor",15,9,5,5,"Option1_label","WL","monitor",12567,16892,7793,52,64,42,37252,158
"276",24,276,12,3.2665,1,"Monitor",11,1,13,9,"Option2_label","WL","monitor",12567,16892,7793,52,64,42,37252,158
"277",25,277,1,4.3911,4,"Monitor",11,5,13,9,"Option2_label","WL","monitor",29927,18163,15553,82,63,65,63643,210
"278",25,278,2,5.2663,4,"Monitor",5,1,13,7,"Option2_label","WL","monitor",29927,18163,15553,82,63,65,63643,210
"279",25,279,3,4.2834,4,"Monitor",13,1,15,3,"Option1_label","WL","monitor",29927,18163,15553,82,63,65,63643,210
"280",25,280,4,6.6162,4,"Monitor",7,9,5,5,"Option1_label","WL","monitor",29927,18163,15553,82,63,65,63643,210
"281",25,281,5,3.8164,4,"Monitor",9,1,15,9,"Option2_label","WL","monitor",29927,18163,15553,82,63,65,63643,210
"282",25,282,6,3.3817,4,"Monitor",13,1,15,9,"Option2_label","WL","monitor",29927,18163,15553,82,63,65,63643,210
"283",25,283,7,5.3348,4,"Monitor",11,9,5,1,"Option1_label","WL","monitor",29927,18163,15553,82,63,65,63643,210
"284",25,284,8,4.6852,4,"Monitor",5,1,15,5,"Option2_label","WL","monitor",29927,18163,15553,82,63,65,63643,210
"285",25,285,9,3.5829,4,"Monitor",11,9,7,7,"Option2_label","WL","monitor",29927,18163,15553,82,63,65,63643,210
"286",25,286,10,6.883,4,"Monitor",7,5,9,9,"Option2_label","WL","monitor",29927,18163,15553,82,63,65,63643,210
"287",25,287,11,5.5797,4,"Monitor",15,3,5,1,"Option1_label","WL","monitor",29927,18163,15553,82,63,65,63643,210
"288",25,288,12,6.1837,4,"Monitor",13,5,5,1,"Option2_label","WL","monitor",29927,18163,15553,82,63,65,63643,210
"289",26,289,1,5.096,1,"Monitor",7,7,15,9,"Option1_label","WL","monitor",24544,19208,14734,86,68,41,58486,195
"290",26,290,2,3.6697,1,"Monitor",9,1,11,5,"Option2_label","WL","monitor",24544,19208,14734,86,68,41,58486,195
"291",26,291,3,3.733,1,"Monitor",5,1,7,3,"Option2_label","WL","monitor",24544,19208,14734,86,68,41,58486,195
"292",26,292,4,5.2829,1,"Monitor",9,5,5,3,"Option2_label","WL","monitor",24544,19208,14734,86,68,41,58486,195
"293",26,293,5,3.7498,1,"Monitor",5,3,13,9,"Option2_label","WL","monitor",24544,19208,14734,86,68,41,58486,195
"294",26,294,6,3.7498,1,"Monitor",9,3,11,5,"Option2_label","WL","monitor",24544,19208,14734,86,68,41,58486,195
"295",26,295,7,4.1857,1,"Monitor",7,3,11,9,"Option2_label","WL","monitor",24544,19208,14734,86,68,41,58486,195
"296",26,296,8,4.3161,1,"Monitor",13,9,11,1,"Option1_label","WL","monitor",24544,19208,14734,86,68,41,58486,195
"297",26,297,9,2.6664,1,"Monitor",7,1,15,5,"Option2_label","WL","monitor",24544,19208,14734,86,68,41,58486,195
"298",26,298,10,6.3497,1,"Monitor",15,7,9,5,"Option2_label","WL","monitor",24544,19208,14734,86,68,41,58486,195
"299",26,299,11,2.9026,1,"Monitor",15,9,5,5,"Option2_label","WL","monitor",24544,19208,14734,86,68,41,58486,195
"300",26,300,12,2.8846,1,"Monitor",11,1,13,9,"Option1_label","WL","monitor",24544,19208,14734,86,68,41,58486,195
"301",27,301,1,5.1787,4,"Monitor",11,5,13,9,"Option2_label","WL","monitor",13593,12211,27093,69,60,106,52897,235
"302",27,302,2,4.8665,4,"Monitor",5,1,13,7,"Option2_label","WL","monitor",13593,12211,27093,69,60,106,52897,235
"303",27,303,3,4.7329,4,"Monitor",13,1,15,3,"Option2_label","WL","monitor",13593,12211,27093,69,60,106,52897,235
"304",27,304,4,6.133,4,"Monitor",7,9,5,5,"Option1_label","WL","monitor",13593,12211,27093,69,60,106,52897,235
"305",27,305,5,2.8499,4,"Monitor",9,1,15,9,"Option2_label","WL","monitor",13593,12211,27093,69,60,106,52897,235
"306",27,306,6,4.0833,4,"Monitor",13,1,15,9,"Option2_label","WL","monitor",13593,12211,27093,69,60,106,52897,235
"307",27,307,7,3.0495,4,"Monitor",11,9,5,1,"Option1_label","WL","monitor",13593,12211,27093,69,60,106,52897,235
"308",27,308,8,4.8823,4,"Monitor",5,1,15,5,"Option2_label","WL","monitor",13593,12211,27093,69,60,106,52897,235
"309",27,309,9,4.7492,4,"Monitor",11,9,7,7,"Option1_label","WL","monitor",13593,12211,27093,69,60,106,52897,235
"310",27,310,10,2.8127,4,"Monitor",7,5,9,9,"Option2_label","WL","monitor",13593,12211,27093,69,60,106,52897,235
"311",27,311,11,3.8169,4,"Monitor",15,3,5,1,"Option1_label","WL","monitor",13593,12211,27093,69,60,106,52897,235
"312",27,312,12,3.568,4,"Monitor",13,5,5,1,"Option1_label","WL","monitor",13593,12211,27093,69,60,106,52897,235
"313",28,313,1,7.2104,3,"Monitor",11,9,9,1,"Option1_label","WL","monitor",21300,24258,27376,79,95,90,72934,264
"314",28,314,2,5.1622,3,"Monitor",5,5,13,7,"Option1_label","WL","monitor",21300,24258,27376,79,95,90,72934,264
"315",28,315,3,7.2489,3,"Monitor",5,5,15,9,"Option2_label","WL","monitor",21300,24258,27376,79,95,90,72934,264
"316",28,316,4,6.9163,3,"Monitor",9,5,15,9,"Option2_label","WL","monitor",21300,24258,27376,79,95,90,72934,264
"317",28,317,5,3.333,3,"Monitor",5,1,15,3,"Option1_label","WL","monitor",21300,24258,27376,79,95,90,72934,264
"318",28,318,6,13.7161,3,"Monitor",9,9,5,7,"Option1_label","WL","monitor",21300,24258,27376,79,95,90,72934,264
"319",28,319,7,12.3808,3,"Monitor",15,7,7,1,"Option1_label","WL","monitor",21300,24258,27376,79,95,90,72934,264
"320",28,320,8,3.3332,3,"Monitor",11,7,7,1,"Option1_label","WL","monitor",21300,24258,27376,79,95,90,72934,264
"321",28,321,9,6.2033,3,"Monitor",9,7,5,3,"Option1_label","WL","monitor",21300,24258,27376,79,95,90,72934,264
"322",28,322,10,3.1501,3,"Monitor",13,7,9,5,"Option2_label","WL","monitor",21300,24258,27376,79,95,90,72934,264
"323",28,323,11,5.0499,3,"Monitor",9,3,15,9,"Option2_label","WL","monitor",21300,24258,27376,79,95,90,72934,264
"324",28,324,12,8.8191,3,"Monitor",11,1,13,3,"Option1_label","WL","monitor",21300,24258,27376,79,95,90,72934,264
"325",29,325,1,4.6296,3,"Monitor",11,9,9,1,"Option1_label","WL","monitor",23220,16059,19233,123,93,90,58512,306
"326",29,326,2,5.9009,3,"Monitor",5,5,13,7,"Option1_label","WL","monitor",23220,16059,19233,123,93,90,58512,306
"327",29,327,3,3.733,3,"Monitor",5,5,15,9,"Option1_label","WL","monitor",23220,16059,19233,123,93,90,58512,306
"328",29,328,4,5.9164,3,"Monitor",9,5,15,9,"Option1_label","WL","monitor",23220,16059,19233,123,93,90,58512,306
"329",29,329,5,5.3169,3,"Monitor",5,1,15,3,"Option2_label","WL","monitor",23220,16059,19233,123,93,90,58512,306
"330",29,330,6,4.3795,3,"Monitor",9,9,5,7,"Option2_label","WL","monitor",23220,16059,19233,123,93,90,58512,306
"331",29,331,7,2.9331,3,"Monitor",15,7,7,1,"Option1_label","WL","monitor",23220,16059,19233,123,93,90,58512,306
"332",29,332,8,3.9999,3,"Monitor",11,7,7,1,"Option1_label","WL","monitor",23220,16059,19233,123,93,90,58512,306
"333",29,333,9,4.583,3,"Monitor",9,7,5,3,"Option1_label","WL","monitor",23220,16059,19233,123,93,90,58512,306
"334",29,334,10,5.2641,3,"Monitor",13,7,9,5,"Option2_label","WL","monitor",23220,16059,19233,123,93,90,58512,306
"335",29,335,11,7.8331,3,"Monitor",9,3,15,9,"Option2_label","WL","monitor",23220,16059,19233,123,93,90,58512,306
"336",29,336,12,4.5997,3,"Monitor",11,1,13,3,"Option2_label","WL","monitor",23220,16059,19233,123,93,90,58512,306
"337",30,337,1,9.7395,3,"Monitor",11,9,9,1,"Option1_label","WL","monitor",26687,19034,29315,114,85,104,75036,303
"338",30,338,2,7.5669,3,"Monitor",5,5,13,7,"Option1_label","WL","monitor",26687,19034,29315,114,85,104,75036,303
"339",30,339,3,5.9071,3,"Monitor",5,5,15,9,"Option1_label","WL","monitor",26687,19034,29315,114,85,104,75036,303
"340",30,340,4,9.5331,3,"Monitor",9,5,15,9,"Option1_label","WL","monitor",26687,19034,29315,114,85,104,75036,303
"341",30,341,5,2.7371,3,"Monitor",5,1,15,3,"Option1_label","WL","monitor",26687,19034,29315,114,85,104,75036,303
"342",30,342,6,4.8996,3,"Monitor",9,9,5,7,"Option1_label","WL","monitor",26687,19034,29315,114,85,104,75036,303
"343",30,343,7,7.602,3,"Monitor",15,7,7,1,"Option1_label","WL","monitor",26687,19034,29315,114,85,104,75036,303
"344",30,344,8,5.2024,3,"Monitor",11,7,7,1,"Option1_label","WL","monitor",26687,19034,29315,114,85,104,75036,303
"345",30,345,9,7.5654,3,"Monitor",9,7,5,3,"Option1_label","WL","monitor",26687,19034,29315,114,85,104,75036,303
"346",30,346,10,7.2461,3,"Monitor",13,7,9,5,"Option1_label","WL","monitor",26687,19034,29315,114,85,104,75036,303
"347",30,347,11,3.9734,3,"Monitor",9,3,15,9,"Option2_label","WL","monitor",26687,19034,29315,114,85,104,75036,303
"348",30,348,12,4.9851,3,"Monitor",11,1,13,3,"Option2_label","WL","monitor",26687,19034,29315,114,85,104,75036,303
"349",31,349,1,7.2144,4,"Monitor",11,5,13,9,"Option2_label","WL","monitor",1977,3748,1604,11,20,7,7329,38
"350",31,350,2,3.7976,4,"Monitor",5,1,13,7,"Option2_label","WL","monitor",1977,3748,1604,11,20,7,7329,38
"351",31,351,3,4.8795,4,"Monitor",13,1,15,3,"Option2_label","WL","monitor",1977,3748,1604,11,20,7,7329,38
"352",31,352,4,4.7836,4,"Monitor",7,9,5,5,"Option1_label","WL","monitor",1977,3748,1604,11,20,7,7329,38
"353",31,353,5,3.1162,4,"Monitor",9,1,15,9,"Option2_label","WL","monitor",1977,3748,1604,11,20,7,7329,38
"354",31,354,6,3.75,4,"Monitor",13,1,15,9,"Option2_label","WL","monitor",1977,3748,1604,11,20,7,7329,38
"355",31,355,7,4.1151,4,"Monitor",11,9,5,1,"Option1_label","WL","monitor",1977,3748,1604,11,20,7,7329,38
"356",31,356,8,4.7664,4,"Monitor",5,1,15,5,"Option2_label","WL","monitor",1977,3748,1604,11,20,7,7329,38
"357",31,357,9,5.8641,4,"Monitor",11,9,7,7,"Option1_label","WL","monitor",1977,3748,1604,11,20,7,7329,38
"358",31,358,10,9.1164,4,"Monitor",7,5,9,9,"Option2_label","WL","monitor",1977,3748,1604,11,20,7,7329,38
"359",31,359,11,5.1964,4,"Monitor",15,3,5,1,"Option2_label","WL","monitor",1977,3748,1604,11,20,7,7329,38
"360",31,360,12,6.5498,4,"Monitor",13,5,5,1,"Option1_label","WL","monitor",1977,3748,1604,11,20,7,7329,38
"361",32,361,1,3.662,1,"Monitor",7,7,15,9,"Option1_label","WL","monitor",8030,7188,16364,45,47,60,31582,152
"362",32,362,2,2.8165,1,"Monitor",9,1,11,5,"Option2_label","WL","monitor",8030,7188,16364,45,47,60,31582,152
"363",32,363,3,2.7693,1,"Monitor",5,1,7,3,"Option1_label","WL","monitor",8030,7188,16364,45,47,60,31582,152
"364",32,364,4,6.0831,1,"Monitor",9,5,5,3,"Option1_label","WL","monitor",8030,7188,16364,45,47,60,31582,152
"365",32,365,5,2.6497,1,"Monitor",5,3,13,9,"Option2_label","WL","monitor",8030,7188,16364,45,47,60,31582,152
"366",32,366,6,4.0493,1,"Monitor",9,3,11,5,"Option2_label","WL","monitor",8030,7188,16364,45,47,60,31582,152
"367",32,367,7,2.8164,1,"Monitor",7,3,11,9,"Option2_label","WL","monitor",8030,7188,16364,45,47,60,31582,152
"368",32,368,8,2.7976,1,"Monitor",13,9,11,1,"Option1_label","WL","monitor",8030,7188,16364,45,47,60,31582,152
"369",32,369,9,2.8164,1,"Monitor",7,1,15,5,"Option2_label","WL","monitor",8030,7188,16364,45,47,60,31582,152
"370",32,370,10,5.6496,1,"Monitor",15,7,9,5,"Option1_label","WL","monitor",8030,7188,16364,45,47,60,31582,152
"371",32,371,11,2.3499,1,"Monitor",15,9,5,5,"Option1_label","WL","monitor",8030,7188,16364,45,47,60,31582,152
"372",32,372,12,2.8664,1,"Monitor",11,1,13,9,"Option2_label","WL","monitor",8030,7188,16364,45,47,60,31582,152
"373",33,373,1,4.3319,3,"Monitor",11,9,9,1,"Option1_label","WL","monitor",16114,17808,12120,70,84,59,46042,213
"374",33,374,2,3.5498,3,"Monitor",5,5,13,7,"Option1_label","WL","monitor",16114,17808,12120,70,84,59,46042,213
"375",33,375,3,5.104,3,"Monitor",5,5,15,9,"Option1_label","WL","monitor",16114,17808,12120,70,84,59,46042,213
"376",33,376,4,4.0862,3,"Monitor",9,5,15,9,"Option2_label","WL","monitor",16114,17808,12120,70,84,59,46042,213
"377",33,377,5,4.0997,3,"Monitor",5,1,15,3,"Option1_label","WL","monitor",16114,17808,12120,70,84,59,46042,213
"378",33,378,6,2.1653,3,"Monitor",9,9,5,7,"Option1_label","WL","monitor",16114,17808,12120,70,84,59,46042,213
"379",33,379,7,3.7019,3,"Monitor",15,7,7,1,"Option1_label","WL","monitor",16114,17808,12120,70,84,59,46042,213
"380",33,380,8,3.2546,3,"Monitor",11,7,7,1,"Option1_label","WL","monitor",16114,17808,12120,70,84,59,46042,213
"381",33,381,9,3.2499,3,"Monitor",9,7,5,3,"Option1_label","WL","monitor",16114,17808,12120,70,84,59,46042,213
"382",33,382,10,4.135,3,"Monitor",13,7,9,5,"Option1_label","WL","monitor",16114,17808,12120,70,84,59,46042,213
"383",33,383,11,5.083,3,"Monitor",9,3,15,9,"Option2_label","WL","monitor",16114,17808,12120,70,84,59,46042,213
"384",33,384,12,2.8497,3,"Monitor",11,1,13,3,"Option2_label","WL","monitor",16114,17808,12120,70,84,59,46042,213
"385",34,385,1,7.6622,1,"Monitor",7,7,15,9,"Option1_label","WL","monitor",31697,21350,20578,110,86,94,73625,290
"386",34,386,2,3.9162,1,"Monitor",9,1,11,5,"Option2_label","WL","monitor",31697,21350,20578,110,86,94,73625,290
"387",34,387,3,3.5331,1,"Monitor",5,1,7,3,"Option1_label","WL","monitor",31697,21350,20578,110,86,94,73625,290
"388",34,388,4,2.3829,1,"Monitor",9,5,5,3,"Option1_label","WL","monitor",31697,21350,20578,110,86,94,73625,290
"389",34,389,5,4.9329,1,"Monitor",5,3,13,9,"Option2_label","WL","monitor",31697,21350,20578,110,86,94,73625,290
"390",34,390,6,6.2672,1,"Monitor",9,3,11,5,"Option2_label","WL","monitor",31697,21350,20578,110,86,94,73625,290
"391",34,391,7,4.6812,1,"Monitor",7,3,11,9,"Option2_label","WL","monitor",31697,21350,20578,110,86,94,73625,290
"392",34,392,8,3.0634,1,"Monitor",13,9,11,1,"Option1_label","WL","monitor",31697,21350,20578,110,86,94,73625,290
"393",34,393,9,6.4652,1,"Monitor",7,1,15,5,"Option2_label","WL","monitor",31697,21350,20578,110,86,94,73625,290
"394",34,394,10,5.6996,1,"Monitor",15,7,9,5,"Option2_label","WL","monitor",31697,21350,20578,110,86,94,73625,290
"395",34,395,11,3.9669,1,"Monitor",15,9,5,5,"Option2_label","WL","monitor",31697,21350,20578,110,86,94,73625,290
"396",34,396,12,3.0998,1,"Monitor",11,1,13,9,"Option2_label","WL","monitor",31697,21350,20578,110,86,94,73625,290
"397",35,397,1,8.2788,3,"Monitor",11,9,9,1,"Option1_label","WL","monitor",16277,14449,20130,75,62,89,50856,226
"398",35,398,2,4.1163,3,"Monitor",5,5,13,7,"Option2_label","WL","monitor",16277,14449,20130,75,62,89,50856,226
"399",35,399,3,2.9188,3,"Monitor",5,5,15,9,"Option2_label","WL","monitor",16277,14449,20130,75,62,89,50856,226
"400",35,400,4,3.8242,3,"Monitor",9,5,15,9,"Option2_label","WL","monitor",16277,14449,20130,75,62,89,50856,226
"401",35,401,5,4.6543,3,"Monitor",5,1,15,3,"Option1_label","WL","monitor",16277,14449,20130,75,62,89,50856,226
"402",35,402,6,3.733,3,"Monitor",9,9,5,7,"Option1_label","WL","monitor",16277,14449,20130,75,62,89,50856,226
"403",35,403,7,6.2494,3,"Monitor",15,7,7,1,"Option1_label","WL","monitor",16277,14449,20130,75,62,89,50856,226
"404",35,404,8,3.5997,3,"Monitor",11,7,7,1,"Option1_label","WL","monitor",16277,14449,20130,75,62,89,50856,226
"405",35,405,9,3.1376,3,"Monitor",9,7,5,3,"Option1_label","WL","monitor",16277,14449,20130,75,62,89,50856,226
"406",35,406,10,1.9666,3,"Monitor",13,7,9,5,"Option1_label","WL","monitor",16277,14449,20130,75,62,89,50856,226
"407",35,407,11,1.5335,3,"Monitor",9,3,15,9,"Option2_label","WL","monitor",16277,14449,20130,75,62,89,50856,226
"408",35,408,12,1.9138,3,"Monitor",11,1,13,3,"Option2_label","WL","monitor",16277,14449,20130,75,62,89,50856,226
"409",36,409,1,5.0783,3,"Monitor",11,9,9,1,"Option1_label","WL","monitor",12268,22721,25580,46,73,90,60569,209
"410",36,410,2,4.1497,3,"Monitor",5,5,13,7,"Option1_label","WL","monitor",12268,22721,25580,46,73,90,60569,209
"411",36,411,3,3.8854,3,"Monitor",5,5,15,9,"Option1_label","WL","monitor",12268,22721,25580,46,73,90,60569,209
"412",36,412,4,8.2498,3,"Monitor",9,5,15,9,"Option2_label","WL","monitor",12268,22721,25580,46,73,90,60569,209
"413",36,413,5,4.5619,3,"Monitor",5,1,15,3,"Option2_label","WL","monitor",12268,22721,25580,46,73,90,60569,209
"414",36,414,6,7.787,3,"Monitor",9,9,5,7,"Option2_label","WL","monitor",12268,22721,25580,46,73,90,60569,209
"415",36,415,7,5.8831,3,"Monitor",15,7,7,1,"Option1_label","WL","monitor",12268,22721,25580,46,73,90,60569,209
"416",36,416,8,4.1663,3,"Monitor",11,7,7,1,"Option1_label","WL","monitor",12268,22721,25580,46,73,90,60569,209
"417",36,417,9,4.1832,3,"Monitor",9,7,5,3,"Option1_label","WL","monitor",12268,22721,25580,46,73,90,60569,209
"418",36,418,10,7.9858,3,"Monitor",13,7,9,5,"Option1_label","WL","monitor",12268,22721,25580,46,73,90,60569,209
"419",36,419,11,3.5164,3,"Monitor",9,3,15,9,"Option2_label","WL","monitor",12268,22721,25580,46,73,90,60569,209
"420",36,420,12,2.3074,3,"Monitor",11,1,13,3,"Option2_label","WL","monitor",12268,22721,25580,46,73,90,60569,209
"421",37,421,1,6.0859,2,"Monitor",7,1,11,9,"Option2_label","WL","monitor",30017,37901,30057,143,161,132,97975,436
"422",37,422,2,5.8996,2,"Monitor",13,7,11,1,"Option1_label","WL","monitor",30017,37901,30057,143,161,132,97975,436
"423",37,423,3,12.5343,2,"Monitor",15,9,7,3,"Option1_label","WL","monitor",30017,37901,30057,143,161,132,97975,436
"424",37,424,4,12.151,2,"Monitor",15,9,9,7,"Option2_label","WL","monitor",30017,37901,30057,143,161,132,97975,436
"425",37,425,5,12.0162,2,"Monitor",7,3,11,7,"Option2_label","WL","monitor",30017,37901,30057,143,161,132,97975,436
"426",37,426,6,5.7022,2,"Monitor",11,3,11,3,"Option1_label","WL","monitor",30017,37901,30057,143,161,132,97975,436
"427",37,427,7,4.6641,2,"Monitor",7,3,9,7,"Option2_label","WL","monitor",30017,37901,30057,143,161,132,97975,436
"428",37,428,8,14.4318,2,"Monitor",13,5,7,1,"Option1_label","WL","monitor",30017,37901,30057,143,161,132,97975,436
"429",37,429,9,10.1304,2,"Monitor",15,5,7,1,"Option1_label","WL","monitor",30017,37901,30057,143,161,132,97975,436
"430",37,430,10,9.7652,2,"Monitor",5,3,13,5,"Option1_label","WL","monitor",30017,37901,30057,143,161,132,97975,436
"431",37,431,11,12.8972,2,"Monitor",13,9,9,7,"Option2_label","WL","monitor",30017,37901,30057,143,161,132,97975,436
"432",37,432,12,7.4855,2,"Monitor",15,9,13,1,"Option1_label","WL","monitor",30017,37901,30057,143,161,132,97975,436
"433",38,433,1,3.7621,3,"Monitor",11,9,9,1,"Option1_label","WL","monitor",17712,22299,13708,78,96,57,53719,231
"434",38,434,2,4.3162,3,"Monitor",5,5,13,7,"Option2_label","WL","monitor",17712,22299,13708,78,96,57,53719,231
"435",38,435,3,3.4996,3,"Monitor",5,5,15,9,"Option1_label","WL","monitor",17712,22299,13708,78,96,57,53719,231
"436",38,436,4,2.8688,3,"Monitor",9,5,15,9,"Option2_label","WL","monitor",17712,22299,13708,78,96,57,53719,231
"437",38,437,5,1.9664,3,"Monitor",5,1,15,3,"Option2_label","WL","monitor",17712,22299,13708,78,96,57,53719,231
"438",38,438,6,4.7666,3,"Monitor",9,9,5,7,"Option2_label","WL","monitor",17712,22299,13708,78,96,57,53719,231
"439",38,439,7,3.552,3,"Monitor",15,7,7,1,"Option1_label","WL","monitor",17712,22299,13708,78,96,57,53719,231
"440",38,440,8,2.4399,3,"Monitor",11,7,7,1,"Option1_label","WL","monitor",17712,22299,13708,78,96,57,53719,231
"441",38,441,9,3.9162,3,"Monitor",9,7,5,3,"Option1_label","WL","monitor",17712,22299,13708,78,96,57,53719,231
"442",38,442,10,6.7013,3,"Monitor",13,7,9,5,"Option2_label","WL","monitor",17712,22299,13708,78,96,57,53719,231
"443",38,443,11,5.6464,3,"Monitor",9,3,15,9,"Option2_label","WL","monitor",17712,22299,13708,78,96,57,53719,231
"444",38,444,12,2.9832,3,"Monitor",11,1,13,3,"Option2_label","WL","monitor",17712,22299,13708,78,96,57,53719,231
"445",39,445,1,5.0988,4,"Monitor",11,5,13,9,"Option1_label","WL","monitor",13070,22927,20794,75,122,108,56791,305
"446",39,446,2,3.4828,4,"Monitor",5,1,13,7,"Option2_label","WL","monitor",13070,22927,20794,75,122,108,56791,305
"447",39,447,3,4.483,4,"Monitor",13,1,15,3,"Option2_label","WL","monitor",13070,22927,20794,75,122,108,56791,305
"448",39,448,4,2.9187,4,"Monitor",7,9,5,5,"Option1_label","WL","monitor",13070,22927,20794,75,122,108,56791,305
"449",39,449,5,3.3664,4,"Monitor",9,1,15,9,"Option2_label","WL","monitor",13070,22927,20794,75,122,108,56791,305
"450",39,450,6,4.1318,4,"Monitor",13,1,15,9,"Option2_label","WL","monitor",13070,22927,20794,75,122,108,56791,305
"451",39,451,7,3.4981,4,"Monitor",11,9,5,1,"Option1_label","WL","monitor",13070,22927,20794,75,122,108,56791,305
"452",39,452,8,6.8496,4,"Monitor",5,1,15,5,"Option1_label","WL","monitor",13070,22927,20794,75,122,108,56791,305
"453",39,453,9,3.4498,4,"Monitor",11,9,7,7,"Option1_label","WL","monitor",13070,22927,20794,75,122,108,56791,305
"454",39,454,10,4.8476,4,"Monitor",7,5,9,9,"Option2_label","WL","monitor",13070,22927,20794,75,122,108,56791,305
"455",39,455,11,4.2829,4,"Monitor",15,3,5,1,"Option2_label","WL","monitor",13070,22927,20794,75,122,108,56791,305
"456",39,456,12,8.3331,4,"Monitor",13,5,5,1,"Option2_label","WL","monitor",13070,22927,20794,75,122,108,56791,305
"457",40,457,1,4.4138,3,"Monitor",11,9,9,1,"Option1_label","WL","monitor",17389,8576,24263,70,36,115,50228,221
"458",40,458,2,3.1997,3,"Monitor",5,5,13,7,"Option1_label","WL","monitor",17389,8576,24263,70,36,115,50228,221
"459",40,459,3,2.2997,3,"Monitor",5,5,15,9,"Option1_label","WL","monitor",17389,8576,24263,70,36,115,50228,221
"460",40,460,4,3.7364,3,"Monitor",9,5,15,9,"Option1_label","WL","monitor",17389,8576,24263,70,36,115,50228,221
"461",40,461,5,4.0164,3,"Monitor",5,1,15,3,"Option2_label","WL","monitor",17389,8576,24263,70,36,115,50228,221
"462",40,462,6,11.5492,3,"Monitor",9,9,5,7,"Option2_label","WL","monitor",17389,8576,24263,70,36,115,50228,221
"463",40,463,7,4.183,3,"Monitor",15,7,7,1,"Option1_label","WL","monitor",17389,8576,24263,70,36,115,50228,221
"464",40,464,8,2.9688,3,"Monitor",11,7,7,1,"Option1_label","WL","monitor",17389,8576,24263,70,36,115,50228,221
"465",40,465,9,3.1832,3,"Monitor",9,7,5,3,"Option1_label","WL","monitor",17389,8576,24263,70,36,115,50228,221
"466",40,466,10,7.5996,3,"Monitor",13,7,9,5,"Option2_label","WL","monitor",17389,8576,24263,70,36,115,50228,221
"467",40,467,11,4.1036,3,"Monitor",9,3,15,9,"Option2_label","WL","monitor",17389,8576,24263,70,36,115,50228,221
"468",40,468,12,4.0364,3,"Monitor",11,1,13,3,"Option2_label","WL","monitor",17389,8576,24263,70,36,115,50228,221
