"","pid","Trial","TrialDuration","Block","Device","RH_cost","RH_travel_time","RH_Comfort","metro_cost","metro_travel_time","metro_Comfort","Bus_cost","Bus_travel_time","Bus_Comfort","Choice"
"1",1,1,5.0271,2,"Tablet",15,20,8,3,70,4,3,60,4,"RH_label"
"2",1,2,8.5463,2,"Tablet",20,20,7,3,70,6,3,60,3,"RH_label"
"3",1,3,5.8968,2,"Tablet",15,40,9,1,60,4,1,70,5,"RH_label"
"4",1,4,10.1704,2,"Tablet",25,30,8,2,70,4,2,80,4,"Metro_label"
"5",1,5,4.0703,2,"Tablet",25,20,9,2,60,4,2,70,4,"RH_label"
"6",1,6,5.9665,2,"Tablet",20,30,9,2,50,5,2,60,3,"RH_label"
"7",1,7,7.2194,2,"Tablet",25,40,8,3,60,6,3,70,3,"Metro_label"
"8",1,8,5.3331,2,"Tablet",15,30,7,3,60,4,3,80,5,"Metro_label"
"9",1,9,4.3028,2,"Tablet",20,40,8,1,50,5,1,80,3,"RH_label"
"10",1,10,6.4896,2,"Tablet",15,40,7,1,50,6,1,70,5,"Metro_label"
"11",1,11,7.7199,2,"Tablet",25,20,7,2,70,5,2,80,5,"RH_label"
"12",1,12,7.433,2,"Tablet",25,30,9,1,70,6,1,60,4,"RH_label"
"13",2,1,7.5604,3,"Tablet",25,40,9,1,50,4,1,60,5,"Metro_label"
"14",2,2,7.8826,3,"Tablet",20,30,8,1,70,6,1,80,5,"Metro_label"
"15",2,3,6.915,3,"Tablet",15,30,8,3,50,4,3,80,5,"RH_label"
"16",2,4,6.8997,3,"Tablet",15,30,8,1,60,5,1,70,4,"Metro_label"
"17",2,5,9.3678,3,"Tablet",25,20,7,3,50,5,3,60,5,"RH_label"
"18",2,6,6.4162,3,"Tablet",15,20,7,2,60,5,2,70,3,"RH_label"
"19",2,7,10.483,3,"Tablet",20,30,7,3,60,4,3,80,4,"RH_label"
"20",2,8,8.6164,3,"Tablet",20,40,9,2,60,4,2,80,3,"Metro_label"
"21",2,9,7.6328,3,"Tablet",15,40,9,2,70,6,2,60,4,"Metro_label"
"22",2,10,7.1802,3,"Tablet",25,40,9,3,70,5,3,70,3,"RH_label"
"23",2,11,7.133,3,"Tablet",25,20,8,2,50,6,2,70,5,"RH_label"
"24",2,12,6.1081,3,"Tablet",20,30,7,1,70,6,1,70,3,"RH_label"
"25",3,1,4.6458,1,"Tablet",20,20,7,2,70,4,2,70,4,"Metro_label"
"26",3,2,4.5688,1,"Tablet",20,40,7,3,50,5,3,60,4,"Metro_label"
"27",3,3,4.2164,1,"Tablet",25,30,8,3,60,6,3,70,3,"Metro_label"
"28",3,4,3.7162,1,"Tablet",25,30,7,1,50,4,1,70,4,"Metro_label"
"29",3,5,3.9831,1,"Tablet",25,30,9,2,60,5,2,60,5,"Metro_label"
"30",3,6,4.5319,1,"Tablet",20,20,9,3,70,4,3,70,5,"Bus_label"
"31",3,7,3.733,1,"Tablet",15,20,9,1,70,5,1,80,3,"Metro_label"
"32",3,8,5.8476,1,"Tablet",15,40,8,3,70,5,3,80,4,"Metro_label"
"33",3,9,3.9524,1,"Tablet",20,20,9,1,60,6,1,80,5,"Metro_label"
"34",3,10,2.6833,1,"Tablet",15,20,8,1,60,6,1,60,5,"Metro_label"
"35",3,11,3.9665,1,"Tablet",15,40,8,2,50,4,2,60,3,"Metro_label"
"36",3,12,3.478,1,"Tablet",15,30,7,2,50,6,2,80,3,"Metro_label"
"37",4,1,5.9313,3,"Tablet",25,40,9,1,50,4,1,60,5,"Metro_label"
"38",4,2,5.0828,3,"Tablet",20,30,8,1,70,6,1,80,5,"Metro_label"
"39",4,3,4.3139,3,"Tablet",15,30,8,3,50,4,3,80,5,"Metro_label"
"40",4,4,3.3002,3,"Tablet",15,30,8,1,60,5,1,70,4,"Metro_label"
"41",4,5,3.4669,3,"Tablet",25,20,7,3,50,5,3,60,5,"Metro_label"
"42",4,6,3.9038,3,"Tablet",15,20,7,2,60,5,2,70,3,"Metro_label"
"43",4,7,3.4492,3,"Tablet",20,30,7,3,60,4,3,80,4,"Metro_label"
"44",4,8,2.6831,3,"Tablet",20,40,9,2,60,4,2,80,3,"Metro_label"
"45",4,9,3.3528,3,"Tablet",15,40,9,2,70,6,2,60,4,"Bus_label"
"46",4,10,2.7502,3,"Tablet",25,40,9,3,70,5,3,70,3,"Metro_label"
"47",4,11,2.1491,3,"Tablet",25,20,8,2,50,6,2,70,5,"Metro_label"
"48",4,12,3.3844,3,"Tablet",20,30,7,1,70,6,1,70,3,"Metro_label"
"49",5,1,6.0604,3,"Tablet",25,40,9,1,50,4,1,60,5,"Metro_label"
"50",5,2,6.2292,3,"Tablet",20,30,8,1,70,6,1,80,5,"Metro_label"
"51",5,3,5.2343,3,"Tablet",15,30,8,3,50,4,3,80,5,"Metro_label"
"52",5,4,5.0683,3,"Tablet",15,30,8,1,60,5,1,70,4,"RH_label"
"53",5,5,5.6507,3,"Tablet",25,20,7,3,50,5,3,60,5,"Metro_label"
"54",5,6,4.7008,3,"Tablet",15,20,7,2,60,5,2,70,3,"RH_label"
"55",5,7,7.3703,3,"Tablet",20,30,7,3,60,4,3,80,4,"Metro_label"
"56",5,8,4.0327,3,"Tablet",20,40,9,2,60,4,2,80,3,"Metro_label"
"57",5,9,5.1664,3,"Tablet",15,40,9,2,70,6,2,60,4,"RH_label"
"58",5,10,5.0837,3,"Tablet",25,40,9,3,70,5,3,70,3,"Metro_label"
"59",5,11,5.1494,3,"Tablet",25,20,8,2,50,6,2,70,5,"Metro_label"
"60",5,12,4.483,3,"Tablet",20,30,7,1,70,6,1,70,3,"Metro_label"
"61",6,1,7.8441,3,"Tablet",25,40,9,1,50,4,1,60,5,"Metro_label"
"62",6,2,3.6303,3,"Tablet",20,30,8,1,70,6,1,80,5,"RH_label"
"63",6,3,3.3188,3,"Tablet",15,30,8,3,50,4,3,80,5,"RH_label"
"64",6,4,4.0475,3,"Tablet",15,30,8,1,60,5,1,70,4,"Metro_label"
"65",6,5,3.7235,3,"Tablet",25,20,7,3,50,5,3,60,5,"Metro_label"
"66",6,6,4.9341,3,"Tablet",15,20,7,2,60,5,2,70,3,"RH_label"
"67",6,7,4.2191,3,"Tablet",20,30,7,3,60,4,3,80,4,"Metro_label"
"68",6,8,3.5165,3,"Tablet",20,40,9,2,60,4,2,80,3,"RH_label"
"69",6,9,5.4971,3,"Tablet",15,40,9,2,70,6,2,60,4,"Metro_label"
"70",6,10,7.0297,3,"Tablet",25,40,9,3,70,5,3,70,3,"RH_label"
"71",6,11,5.7856,3,"Tablet",25,20,8,2,50,6,2,70,5,"Metro_label"
"72",6,12,3.5998,3,"Tablet",20,30,7,1,70,6,1,70,3,"Metro_label"
"73",7,1,7.8798,4,"Tablet",25,20,8,1,60,4,1,60,3,"Metro_label"
"74",7,2,12.8829,4,"Tablet",20,40,8,2,70,4,2,70,5,"Bus_label"
"75",7,3,6.2949,4,"Tablet",20,30,8,2,60,5,2,60,5,"Bus_label"
"76",7,4,6.4646,4,"Tablet",25,40,7,2,70,6,2,80,5,"Metro_label"
"77",7,5,12.3347,4,"Tablet",20,40,7,3,60,6,3,60,4,"Metro_label"
"78",7,6,4.2858,4,"Tablet",25,20,9,3,50,4,3,80,3,"Metro_label"
"79",7,7,5.6845,4,"Tablet",15,20,9,2,50,6,2,80,4,"Metro_label"
"80",7,8,9.7995,4,"Tablet",20,20,8,1,50,5,1,70,4,"Metro_label"
"81",7,9,7.368,4,"Tablet",25,40,7,1,60,5,1,80,4,"Metro_label"
"82",7,10,3.4665,4,"Tablet",20,30,9,3,50,6,3,70,4,"Metro_label"
"83",7,11,5.733,4,"Tablet",15,30,7,1,70,4,1,60,3,"RH_label"
"84",7,12,5.3997,4,"Tablet",15,30,9,3,70,5,3,70,5,"Metro_label"
"85",8,1,8.0298,3,"Tablet",25,40,9,1,50,4,1,60,5,"Metro_label"
"86",8,2,4.7145,3,"Tablet",20,30,8,1,70,6,1,80,5,"Metro_label"
"87",8,3,5.1663,3,"Tablet",15,30,8,3,50,4,3,80,5,"Metro_label"
"88",8,4,5.7651,3,"Tablet",15,30,8,1,60,5,1,70,4,"Metro_label"
"89",8,5,5.8849,3,"Tablet",25,20,7,3,50,5,3,60,5,"Metro_label"
"90",8,6,4.7829,3,"Tablet",15,20,7,2,60,5,2,70,3,"Metro_label"
"91",8,7,5.5009,3,"Tablet",20,30,7,3,60,4,3,80,4,"Metro_label"
"92",8,8,4.8176,3,"Tablet",20,40,9,2,60,4,2,80,3,"Metro_label"
"93",8,9,7.1165,3,"Tablet",15,40,9,2,70,6,2,60,4,"Bus_label"
"94",8,10,6.9236,3,"Tablet",25,40,9,3,70,5,3,70,3,"Metro_label"
"95",8,11,5.8539,3,"Tablet",25,20,8,2,50,6,2,70,5,"Metro_label"
"96",8,12,5.9997,3,"Tablet",20,30,7,1,70,6,1,70,3,"Metro_label"
"97",9,1,6.9938,1,"Tablet",20,20,7,2,70,4,2,70,4,"RH_label"
"98",9,2,4.3863,1,"Tablet",20,40,7,3,50,5,3,60,4,"Metro_label"
"99",9,3,6.8323,1,"Tablet",25,30,8,3,60,6,3,70,3,"RH_label"
"100",9,4,5.8162,1,"Tablet",25,30,7,1,50,4,1,70,4,"Metro_label"
"101",9,5,8.5801,1,"Tablet",25,30,9,2,60,5,2,60,5,"Bus_label"
"102",9,6,7.3519,1,"Tablet",20,20,9,3,70,4,3,70,5,"Bus_label"
"103",9,7,5.8828,1,"Tablet",15,20,9,1,70,5,1,80,3,"Metro_label"
"104",9,8,6.7803,1,"Tablet",15,40,8,3,70,5,3,80,4,"Metro_label"
"105",9,9,5.9499,1,"Tablet",20,20,9,1,60,6,1,80,5,"Metro_label"
"106",9,10,8.9048,1,"Tablet",15,20,8,1,60,6,1,60,5,"RH_label"
"107",9,11,5.3847,1,"Tablet",15,40,8,2,50,4,2,60,3,"Metro_label"
"108",9,12,5.9394,1,"Tablet",15,30,7,2,50,6,2,80,3,"Metro_label"
"109",10,1,5.5972,4,"Tablet",25,20,8,1,60,4,1,60,3,"Metro_label"
"110",10,2,5.1189,4,"Tablet",20,40,8,2,70,4,2,70,5,"Bus_label"
"111",10,3,4.4663,4,"Tablet",20,30,8,2,60,5,2,60,5,"Bus_label"
"112",10,4,4.8365,4,"Tablet",25,40,7,2,70,6,2,80,5,"Metro_label"
"113",10,5,3.4997,4,"Tablet",20,40,7,3,60,6,3,60,4,"Metro_label"
"114",10,6,3.783,4,"Tablet",25,20,9,3,50,4,3,80,3,"Metro_label"
"115",10,7,4.3327,4,"Tablet",15,20,9,2,50,6,2,80,4,"Metro_label"
"116",10,8,3.8199,4,"Tablet",20,20,8,1,50,5,1,70,4,"Metro_label"
"117",10,9,3.5134,4,"Tablet",25,40,7,1,60,5,1,80,4,"Metro_label"
"118",10,10,3.6022,4,"Tablet",20,30,9,3,50,6,3,70,4,"Metro_label"
"119",10,11,4.8985,4,"Tablet",15,30,7,1,70,4,1,60,3,"Bus_label"
"120",10,12,4.8039,4,"Tablet",15,30,9,3,70,5,3,70,5,"Bus_label"
"121",11,1,13.127,4,"Tablet",25,20,8,1,60,4,1,60,3,"Metro_label"
"122",11,2,8.3346,4,"Tablet",20,40,8,2,70,4,2,70,5,"Bus_label"
"123",11,3,9.2864,4,"Tablet",20,30,8,2,60,5,2,60,5,"Metro_label"
"124",11,4,5.7496,4,"Tablet",25,40,7,2,70,6,2,80,5,"Metro_label"
"125",11,5,11.2662,4,"Tablet",20,40,7,3,60,6,3,60,4,"Metro_label"
"126",11,6,4.2164,4,"Tablet",25,20,9,3,50,4,3,80,3,"Metro_label"
"127",11,7,7.5979,4,"Tablet",15,20,9,2,50,6,2,80,4,"RH_label"
"128",11,8,7.2164,4,"Tablet",20,20,8,1,50,5,1,70,4,"Metro_label"
"129",11,9,4.6676,4,"Tablet",25,40,7,1,60,5,1,80,4,"Metro_label"
"130",11,10,6.1831,4,"Tablet",20,30,9,3,50,6,3,70,4,"Metro_label"
"131",11,11,9.1665,4,"Tablet",15,30,7,1,70,4,1,60,3,"Bus_label"
"132",11,12,9.1334,4,"Tablet",15,30,9,3,70,5,3,70,5,"Metro_label"
"133",12,1,5.4484,4,"Tablet",25,20,8,1,60,4,1,60,3,"Metro_label"
"134",12,2,4.2209,4,"Tablet",20,40,8,2,70,4,2,70,5,"Metro_label"
"135",12,3,5.9978,4,"Tablet",20,30,8,2,60,5,2,60,5,"Metro_label"
"136",12,4,4.8001,4,"Tablet",25,40,7,2,70,6,2,80,5,"Metro_label"
"137",12,5,5.7547,4,"Tablet",20,40,7,3,60,6,3,60,4,"Metro_label"
"138",12,6,6.0881,4,"Tablet",25,20,9,3,50,4,3,80,3,"RH_label"
"139",12,7,5.4666,4,"Tablet",15,20,9,2,50,6,2,80,4,"RH_label"
"140",12,8,4.4836,4,"Tablet",20,20,8,1,50,5,1,70,4,"Metro_label"
"141",12,9,2.6682,4,"Tablet",25,40,7,1,60,5,1,80,4,"Metro_label"
"142",12,10,5.8851,4,"Tablet",20,30,9,3,50,6,3,70,4,"RH_label"
"143",12,11,7.7164,4,"Tablet",15,30,7,1,70,4,1,60,3,"Metro_label"
"144",12,12,3.6626,4,"Tablet",15,30,9,3,70,5,3,70,5,"RH_label"
"145",13,1,10.56,1,"Tablet",20,20,7,2,70,4,2,70,4,"Metro_label"
"146",13,2,5.8328,1,"Tablet",20,40,7,3,50,5,3,60,4,"Metro_label"
"147",13,3,5.298,1,"Tablet",25,30,8,3,60,6,3,70,3,"Metro_label"
"148",13,4,3.7666,1,"Tablet",25,30,7,1,50,4,1,70,4,"Metro_label"
"149",13,5,5.6217,1,"Tablet",25,30,9,2,60,5,2,60,5,"Metro_label"
"150",13,6,8.0829,1,"Tablet",20,20,9,3,70,4,3,70,5,"RH_label"
"151",13,7,6.0137,1,"Tablet",15,20,9,1,70,5,1,80,3,"Metro_label"
"152",13,8,6.9309,1,"Tablet",15,40,8,3,70,5,3,80,4,"Metro_label"
"153",13,9,4.2996,1,"Tablet",20,20,9,1,60,6,1,80,5,"RH_label"
"154",13,10,9.6665,1,"Tablet",15,20,8,1,60,6,1,60,5,"Metro_label"
"155",13,11,6.8996,1,"Tablet",15,40,8,2,50,4,2,60,3,"Metro_label"
"156",13,12,10.6183,1,"Tablet",15,30,7,2,50,6,2,80,3,"Metro_label"
"157",14,1,5.7356,2,"Tablet",15,20,8,3,70,4,3,60,4,"Metro_label"
"158",14,2,3.3284,2,"Tablet",20,20,7,3,70,6,3,60,3,"Metro_label"
"159",14,3,3.7332,2,"Tablet",15,40,9,1,60,4,1,70,5,"Bus_label"
"160",14,4,2.8495,2,"Tablet",25,30,8,2,70,4,2,80,4,"Metro_label"
"161",14,5,4.0385,2,"Tablet",25,20,9,2,60,4,2,70,4,"Metro_label"
"162",14,6,5.0662,2,"Tablet",20,30,9,2,50,5,2,60,3,"Metro_label"
"163",14,7,3.4165,2,"Tablet",25,40,8,3,60,6,3,70,3,"Metro_label"
"164",14,8,4.8489,2,"Tablet",15,30,7,3,60,4,3,80,5,"Metro_label"
"165",14,9,3.383,2,"Tablet",20,40,8,1,50,5,1,80,3,"Metro_label"
"166",14,10,3.8964,2,"Tablet",15,40,7,1,50,6,1,70,5,"Metro_label"
"167",14,11,2.8971,2,"Tablet",25,20,7,2,70,5,2,80,5,"Metro_label"
"168",14,12,7.4632,2,"Tablet",25,30,9,1,70,6,1,60,4,"Metro_label"
"169",15,1,4.6638,4,"Tablet",25,20,8,1,60,4,1,60,3,"Metro_label"
"170",15,2,7.9014,4,"Tablet",20,40,8,2,70,4,2,70,5,"Bus_label"
"171",15,3,7.5505,4,"Tablet",20,30,8,2,60,5,2,60,5,"Metro_label"
"172",15,4,4.2998,4,"Tablet",25,40,7,2,70,6,2,80,5,"Metro_label"
"173",15,5,4.2983,4,"Tablet",20,40,7,3,60,6,3,60,4,"Metro_label"
"174",15,6,6.683,4,"Tablet",25,20,9,3,50,4,3,80,3,"Metro_label"
"175",15,7,8.9783,4,"Tablet",15,20,9,2,50,6,2,80,4,"Metro_label"
"176",15,8,5.5168,4,"Tablet",20,20,8,1,50,5,1,70,4,"Metro_label"
"177",15,9,6.5497,4,"Tablet",25,40,7,1,60,5,1,80,4,"Metro_label"
"178",15,10,5.7496,4,"Tablet",20,30,9,3,50,6,3,70,4,"Metro_label"
"179",15,11,4.8995,4,"Tablet",15,30,7,1,70,4,1,60,3,"Metro_label"
"180",15,12,12.1331,4,"Tablet",15,30,9,3,70,5,3,70,5,"RH_label"
"181",16,1,7.0149,1,"Tablet",20,20,7,2,70,4,2,70,4,"RH_label"
"182",16,2,4.9164,1,"Tablet",20,40,7,3,50,5,3,60,4,"Metro_label"
"183",16,3,8.3682,1,"Tablet",25,30,8,3,60,6,3,70,3,"Metro_label"
"184",16,4,2.5971,1,"Tablet",25,30,7,1,50,4,1,70,4,"Metro_label"
"185",16,5,2.9177,1,"Tablet",25,30,9,2,60,5,2,60,5,"Metro_label"
"186",16,6,5.0726,1,"Tablet",20,20,9,3,70,4,3,70,5,"RH_label"
"187",16,7,4.8463,1,"Tablet",15,20,9,1,70,5,1,80,3,"Metro_label"
"188",16,8,5.5536,1,"Tablet",15,40,8,3,70,5,3,80,4,"Metro_label"
"189",16,9,3.0023,1,"Tablet",20,20,9,1,60,6,1,80,5,"Metro_label"
"190",16,10,4.2912,1,"Tablet",15,20,8,1,60,6,1,60,5,"Metro_label"
"191",16,11,5.8492,1,"Tablet",15,40,8,2,50,4,2,60,3,"Metro_label"
"192",16,12,7.6335,1,"Tablet",15,30,7,2,50,6,2,80,3,"RH_label"
"193",17,1,3.028,2,"Tablet",15,20,8,3,70,4,3,60,4,"Bus_label"
"194",17,2,2.4163,2,"Tablet",20,20,7,3,70,6,3,60,3,"Metro_label"
"195",17,3,2.0137,2,"Tablet",15,40,9,1,60,4,1,70,5,"Metro_label"
"196",17,4,2.1619,2,"Tablet",25,30,8,2,70,4,2,80,4,"Metro_label"
"197",17,5,3.1496,2,"Tablet",25,20,9,2,60,4,2,70,4,"Metro_label"
"198",17,6,2.1817,2,"Tablet",20,30,9,2,50,5,2,60,3,"Metro_label"
"199",17,7,2.0708,2,"Tablet",25,40,8,3,60,6,3,70,3,"Metro_label"
"200",17,8,3.8162,2,"Tablet",15,30,7,3,60,4,3,80,5,"Metro_label"
"201",17,9,1.8316,2,"Tablet",20,40,8,1,50,5,1,80,3,"Metro_label"
"202",17,10,2.3498,2,"Tablet",15,40,7,1,50,6,1,70,5,"Metro_label"
"203",17,11,2.2741,2,"Tablet",25,20,7,2,70,5,2,80,5,"Metro_label"
"204",17,12,3.3357,2,"Tablet",25,30,9,1,70,6,1,60,4,"Bus_label"
"205",18,1,5.113,1,"Tablet",20,20,7,2,70,4,2,70,4,"RH_label"
"206",18,2,3.8472,1,"Tablet",20,40,7,3,50,5,3,60,4,"Metro_label"
"207",18,3,4.3331,1,"Tablet",25,30,8,3,60,6,3,70,3,"Metro_label"
"208",18,4,3.6289,1,"Tablet",25,30,7,1,50,4,1,70,4,"Metro_label"
"209",18,5,5.966,1,"Tablet",25,30,9,2,60,5,2,60,5,"Metro_label"
"210",18,6,4.8972,1,"Tablet",20,20,9,3,70,4,3,70,5,"Metro_label"
"211",18,7,5.4155,1,"Tablet",15,20,9,1,70,5,1,80,3,"Metro_label"
"212",18,8,4.8881,1,"Tablet",15,40,8,3,70,5,3,80,4,"Metro_label"
"213",18,9,3.8165,1,"Tablet",20,20,9,1,60,6,1,80,5,"Metro_label"
"214",18,10,2.6699,1,"Tablet",15,20,8,1,60,6,1,60,5,"Bus_label"
"215",18,11,5.2687,1,"Tablet",15,40,8,2,50,4,2,60,3,"Metro_label"
"216",18,12,4.1829,1,"Tablet",15,30,7,2,50,6,2,80,3,"Metro_label"
"217",19,1,19.6232,3,"Tablet",25,40,9,1,50,4,1,60,5,"RH_label"
"218",19,2,5.0793,3,"Tablet",20,30,8,1,70,6,1,80,5,"RH_label"
"219",19,3,8.8011,3,"Tablet",15,30,8,3,50,4,3,80,5,"RH_label"
"220",19,4,11.5664,3,"Tablet",15,30,8,1,60,5,1,70,4,"Metro_label"
"221",19,5,10.0994,3,"Tablet",25,20,7,3,50,5,3,60,5,"Metro_label"
"222",19,6,10.7329,3,"Tablet",15,20,7,2,60,5,2,70,3,"RH_label"
"223",19,7,9.0497,3,"Tablet",20,30,7,3,60,4,3,80,4,"RH_label"
"224",19,8,10.3164,3,"Tablet",20,40,9,2,60,4,2,80,3,"Metro_label"
"225",19,9,14.9363,3,"Tablet",15,40,9,2,70,6,2,60,4,"Bus_label"
"226",19,10,11.7013,3,"Tablet",25,40,9,3,70,5,3,70,3,"Bus_label"
"227",19,11,12.3762,3,"Tablet",25,20,8,2,50,6,2,70,5,"RH_label"
"228",19,12,8.3996,3,"Tablet",20,30,7,1,70,6,1,70,3,"Metro_label"
"229",20,1,4.894,2,"Tablet",15,20,8,3,70,4,3,60,4,"Bus_label"
"230",20,2,2.4164,2,"Tablet",20,20,7,3,70,6,3,60,3,"Bus_label"
"231",20,3,3.6194,2,"Tablet",15,40,9,1,60,4,1,70,5,"Metro_label"
"232",20,4,2.7332,2,"Tablet",25,30,8,2,70,4,2,80,4,"Metro_label"
"233",20,5,2.7954,2,"Tablet",25,20,9,2,60,4,2,70,4,"Metro_label"
"234",20,6,2.7876,2,"Tablet",20,30,9,2,50,5,2,60,3,"Metro_label"
"235",20,7,2.6,2,"Tablet",25,40,8,3,60,6,3,70,3,"Metro_label"
"236",20,8,2.433,2,"Tablet",15,30,7,3,60,4,3,80,5,"Metro_label"
"237",20,9,2.6663,2,"Tablet",20,40,8,1,50,5,1,80,3,"Metro_label"
"238",20,10,2.9166,2,"Tablet",15,40,7,1,50,6,1,70,5,"Metro_label"
"239",20,11,2.7833,2,"Tablet",25,20,7,2,70,5,2,80,5,"Metro_label"
"240",20,12,2.5024,2,"Tablet",25,30,9,1,70,6,1,60,4,"Metro_label"
"241",21,1,6.5004,3,"Tablet",25,40,9,1,50,4,1,60,5,"Metro_label"
"242",21,2,5.3133,3,"Tablet",20,30,8,1,70,6,1,80,5,"Metro_label"
"243",21,3,5.6548,3,"Tablet",15,30,8,3,50,4,3,80,5,"RH_label"
"244",21,4,5.0812,3,"Tablet",15,30,8,1,60,5,1,70,4,"Metro_label"
"245",21,5,7.2656,3,"Tablet",25,20,7,3,50,5,3,60,5,"RH_label"
"246",21,6,6.5999,3,"Tablet",15,20,7,2,60,5,2,70,3,"RH_label"
"247",21,7,4.5165,3,"Tablet",20,30,7,3,60,4,3,80,4,"Metro_label"
"248",21,8,3.0129,3,"Tablet",20,40,9,2,60,4,2,80,3,"Metro_label"
"249",21,9,3.9342,3,"Tablet",15,40,9,2,70,6,2,60,4,"Metro_label"
"250",21,10,4.6828,3,"Tablet",25,40,9,3,70,5,3,70,3,"RH_label"
"251",21,11,3.1814,3,"Tablet",25,20,8,2,50,6,2,70,5,"Metro_label"
"252",21,12,5.9808,3,"Tablet",20,30,7,1,70,6,1,70,3,"Metro_label"
"253",22,1,6.6633,3,"Tablet",25,40,9,1,50,4,1,60,5,"Metro_label"
"254",22,2,8.2184,3,"Tablet",20,30,8,1,70,6,1,80,5,"Metro_label"
"255",22,3,7.7829,3,"Tablet",15,30,8,3,50,4,3,80,5,"Metro_label"
"256",22,4,8.5852,3,"Tablet",15,30,8,1,60,5,1,70,4,"RH_label"
"257",22,5,7.6869,3,"Tablet",25,20,7,3,50,5,3,60,5,"Metro_label"
"258",22,6,5.9225,3,"Tablet",15,20,7,2,60,5,2,70,3,"RH_label"
"259",22,7,8.9838,3,"Tablet",20,30,7,3,60,4,3,80,4,"Metro_label"
"260",22,8,9.0171,3,"Tablet",20,40,9,2,60,4,2,80,3,"Metro_label"
"261",22,9,10.6687,3,"Tablet",15,40,9,2,70,6,2,60,4,"Bus_label"
"262",22,10,7.9638,3,"Tablet",25,40,9,3,70,5,3,70,3,"Metro_label"
"263",22,11,8.5989,3,"Tablet",25,20,8,2,50,6,2,70,5,"Metro_label"
"264",22,12,14.3323,3,"Tablet",20,30,7,1,70,6,1,70,3,"Metro_label"
"265",23,1,5.0272,1,"Tablet",20,20,7,2,70,4,2,70,4,"Bus_label"
"266",23,2,3.8524,1,"Tablet",20,40,7,3,50,5,3,60,4,"Metro_label"
"267",23,3,4.6348,1,"Tablet",25,30,8,3,60,6,3,70,3,"Metro_label"
"268",23,4,3.3997,1,"Tablet",25,30,7,1,50,4,1,70,4,"Metro_label"
"269",23,5,3.6832,1,"Tablet",25,30,9,2,60,5,2,60,5,"Metro_label"
"270",23,6,4.8357,1,"Tablet",20,20,9,3,70,4,3,70,5,"Bus_label"
"271",23,7,3.2328,1,"Tablet",15,20,9,1,70,5,1,80,3,"Metro_label"
"272",23,8,3.4667,1,"Tablet",15,40,8,3,70,5,3,80,4,"Metro_label"
"273",23,9,3.7615,1,"Tablet",20,20,9,1,60,6,1,80,5,"Metro_label"
"274",23,10,2.9381,1,"Tablet",15,20,8,1,60,6,1,60,5,"Metro_label"
"275",23,11,3.2666,1,"Tablet",15,40,8,2,50,4,2,60,3,"Metro_label"
"276",23,12,2.8524,1,"Tablet",15,30,7,2,50,6,2,80,3,"Metro_label"
"277",24,1,15.5559,3,"Tablet",25,40,9,1,50,4,1,60,5,"Bus_label"
"278",24,2,11.0623,3,"Tablet",20,30,8,1,70,6,1,80,5,"Metro_label"
"279",24,3,12.5196,3,"Tablet",15,30,8,3,50,4,3,80,5,"Metro_label"
"280",24,4,8.4132,3,"Tablet",15,30,8,1,60,5,1,70,4,"Metro_label"
"281",24,5,13.5185,3,"Tablet",25,20,7,3,50,5,3,60,5,"Metro_label"
"282",24,6,6.5352,3,"Tablet",15,20,7,2,60,5,2,70,3,"RH_label"
"283",24,7,6.9435,3,"Tablet",20,30,7,3,60,4,3,80,4,"Metro_label"
"284",24,8,10.0427,3,"Tablet",20,40,9,2,60,4,2,80,3,"Metro_label"
"285",24,9,8.2652,3,"Tablet",15,40,9,2,70,6,2,60,4,"Metro_label"
"286",24,10,7.5193,3,"Tablet",25,40,9,3,70,5,3,70,3,"Metro_label"
"287",24,11,9.8692,3,"Tablet",25,20,8,2,50,6,2,70,5,"Metro_label"
"288",24,12,4.2936,3,"Tablet",20,30,7,1,70,6,1,70,3,"Metro_label"
"289",25,1,6.094,2,"Tablet",15,20,8,3,70,4,3,60,4,"RH_label"
"290",25,2,5.0627,2,"Tablet",20,20,7,3,70,6,3,60,3,"RH_label"
"291",25,3,2.5032,2,"Tablet",15,40,9,1,60,4,1,70,5,"Metro_label"
"292",25,4,4.3422,2,"Tablet",25,30,8,2,70,4,2,80,4,"Metro_label"
"293",25,5,2.999,2,"Tablet",25,20,9,2,60,4,2,70,4,"Metro_label"
"294",25,6,2.7131,2,"Tablet",20,30,9,2,50,5,2,60,3,"Metro_label"
"295",25,7,4.7472,2,"Tablet",25,40,8,3,60,6,3,70,3,"Metro_label"
"296",25,8,4.7149,2,"Tablet",15,30,7,3,60,4,3,80,5,"RH_label"
"297",25,9,3.5834,2,"Tablet",20,40,8,1,50,5,1,80,3,"Metro_label"
"298",25,10,3.9001,2,"Tablet",15,40,7,1,50,6,1,70,5,"Metro_label"
"299",25,11,5.2024,2,"Tablet",25,20,7,2,70,5,2,80,5,"RH_label"
"300",25,12,8.7958,2,"Tablet",25,30,9,1,70,6,1,60,4,"Bus_label"
"301",26,1,4.2267,2,"Tablet",15,20,8,3,70,4,3,60,4,"Bus_label"
"302",26,2,5.246,2,"Tablet",20,20,7,3,70,6,3,60,3,"RH_label"
"303",26,3,9.2325,2,"Tablet",15,40,9,1,60,4,1,70,5,"Metro_label"
"304",26,4,5.7794,2,"Tablet",25,30,8,2,70,4,2,80,4,"Metro_label"
"305",26,5,5.2324,2,"Tablet",25,20,9,2,60,4,2,70,4,"Metro_label"
"306",26,6,6.2012,2,"Tablet",20,30,9,2,50,5,2,60,3,"RH_label"
"307",26,7,9.1842,2,"Tablet",25,40,8,3,60,6,3,70,3,"Bus_label"
"308",26,8,7.8494,2,"Tablet",15,30,7,3,60,4,3,80,5,"Metro_label"
"309",26,9,8.4299,2,"Tablet",20,40,8,1,50,5,1,80,3,"Metro_label"
"310",26,10,5.4995,2,"Tablet",15,40,7,1,50,6,1,70,5,"Metro_label"
"311",26,11,8.4759,2,"Tablet",25,20,7,2,70,5,2,80,5,"Metro_label"
"312",26,12,7.8012,2,"Tablet",25,30,9,1,70,6,1,60,4,"Bus_label"
"313",27,1,5.922,2,"Tablet",15,20,8,3,70,4,3,60,4,"Bus_label"
"314",27,2,5.9997,2,"Tablet",20,20,7,3,70,6,3,60,3,"Bus_label"
"315",27,3,4.083,2,"Tablet",15,40,9,1,60,4,1,70,5,"Metro_label"
"316",27,4,3.8158,2,"Tablet",25,30,8,2,70,4,2,80,4,"Metro_label"
"317",27,5,5.7164,2,"Tablet",25,20,9,2,60,4,2,70,4,"Metro_label"
"318",27,6,5.6372,2,"Tablet",20,30,9,2,50,5,2,60,3,"Metro_label"
"319",27,7,4.4995,2,"Tablet",25,40,8,3,60,6,3,70,3,"Metro_label"
"320",27,8,3.1497,2,"Tablet",15,30,7,3,60,4,3,80,5,"Metro_label"
"321",27,9,4.0993,2,"Tablet",20,40,8,1,50,5,1,80,3,"Metro_label"
"322",27,10,4.2367,2,"Tablet",15,40,7,1,50,6,1,70,5,"Metro_label"
"323",27,11,7.1331,2,"Tablet",25,20,7,2,70,5,2,80,5,"Metro_label"
"324",27,12,5.2144,2,"Tablet",25,30,9,1,70,6,1,60,4,"Metro_label"
"325",28,1,3.4392,3,"Tablet",25,40,9,1,50,4,1,60,5,"Metro_label"
"326",28,2,2.6119,3,"Tablet",20,30,8,1,70,6,1,80,5,"Metro_label"
"327",28,3,2.3792,3,"Tablet",15,30,8,3,50,4,3,80,5,"Metro_label"
"328",28,4,2.5,3,"Tablet",15,30,8,1,60,5,1,70,4,"Metro_label"
"329",28,5,2.7997,3,"Tablet",25,20,7,3,50,5,3,60,5,"Metro_label"
"330",28,6,2.3538,3,"Tablet",15,20,7,2,60,5,2,70,3,"Metro_label"
"331",28,7,2.2979,3,"Tablet",20,30,7,3,60,4,3,80,4,"Metro_label"
"332",28,8,6.9174,3,"Tablet",20,40,9,2,60,4,2,80,3,"Metro_label"
"333",28,9,3.5996,3,"Tablet",15,40,9,2,70,6,2,60,4,"Metro_label"
"334",28,10,2.3809,3,"Tablet",25,40,9,3,70,5,3,70,3,"Metro_label"
"335",28,11,5.1783,3,"Tablet",25,20,8,2,50,6,2,70,5,"Metro_label"
"336",28,12,3.1166,3,"Tablet",20,30,7,1,70,6,1,70,3,"Metro_label"
"337",29,1,5.2565,4,"Tablet",25,20,8,1,60,4,1,60,3,"RH_label"
"338",29,2,5.9643,4,"Tablet",20,40,8,2,70,4,2,70,5,"RH_label"
"339",29,3,5.6446,4,"Tablet",20,30,8,2,60,5,2,60,5,"Metro_label"
"340",29,4,5.2499,4,"Tablet",25,40,7,2,70,6,2,80,5,"Metro_label"
"341",29,5,3.6516,4,"Tablet",20,40,7,3,60,6,3,60,4,"Metro_label"
"342",29,6,4.4639,4,"Tablet",25,20,9,3,50,4,3,80,3,"RH_label"
"343",29,7,3.0688,4,"Tablet",15,20,9,2,50,6,2,80,4,"RH_label"
"344",29,8,6.7317,4,"Tablet",20,20,8,1,50,5,1,70,4,"Metro_label"
"345",29,9,4.6636,4,"Tablet",25,40,7,1,60,5,1,80,4,"Metro_label"
"346",29,10,4.3164,4,"Tablet",20,30,9,3,50,6,3,70,4,"RH_label"
"347",29,11,3.1651,4,"Tablet",15,30,7,1,70,4,1,60,3,"RH_label"
"348",29,12,5.9366,4,"Tablet",15,30,9,3,70,5,3,70,5,"RH_label"
"349",30,1,7.9409,3,"Tablet",25,40,9,1,50,4,1,60,5,"Metro_label"
"350",30,2,4.5988,3,"Tablet",20,30,8,1,70,6,1,80,5,"RH_label"
"351",30,3,4.7533,3,"Tablet",15,30,8,3,50,4,3,80,5,"RH_label"
"352",30,4,3.3996,3,"Tablet",15,30,8,1,60,5,1,70,4,"RH_label"
"353",30,5,4.7026,3,"Tablet",25,20,7,3,50,5,3,60,5,"Metro_label"
"354",30,6,3.8632,3,"Tablet",15,20,7,2,60,5,2,70,3,"RH_label"
"355",30,7,6.7011,3,"Tablet",20,30,7,3,60,4,3,80,4,"Metro_label"
"356",30,8,6.6866,3,"Tablet",20,40,9,2,60,4,2,80,3,"Metro_label"
"357",30,9,4.9327,3,"Tablet",15,40,9,2,70,6,2,60,4,"RH_label"
"358",30,10,5.433,3,"Tablet",25,40,9,3,70,5,3,70,3,"Metro_label"
"359",30,11,6.5245,3,"Tablet",25,20,8,2,50,6,2,70,5,"RH_label"
"360",30,12,5.0129,3,"Tablet",20,30,7,1,70,6,1,70,3,"RH_label"
"361",31,1,3.7316,4,"Tablet",25,20,8,1,60,4,1,60,3,"Metro_label"
"362",31,2,3.6996,4,"Tablet",20,40,8,2,70,4,2,70,5,"Bus_label"
"363",31,3,4.9327,4,"Tablet",20,30,8,2,60,5,2,60,5,"Metro_label"
"364",31,4,3.4544,4,"Tablet",25,40,7,2,70,6,2,80,5,"Metro_label"
"365",31,5,3.8981,4,"Tablet",20,40,7,3,60,6,3,60,4,"Metro_label"
"366",31,6,3.7833,4,"Tablet",25,20,9,3,50,4,3,80,3,"Metro_label"
"367",31,7,3.6162,4,"Tablet",15,20,9,2,50,6,2,80,4,"Metro_label"
"368",31,8,5.9662,4,"Tablet",20,20,8,1,50,5,1,70,4,"Metro_label"
"369",31,9,4.3982,4,"Tablet",25,40,7,1,60,5,1,80,4,"Metro_label"
"370",31,10,3.8671,4,"Tablet",20,30,9,3,50,6,3,70,4,"Metro_label"
"371",31,11,4.4486,4,"Tablet",15,30,7,1,70,4,1,60,3,"Bus_label"
"372",31,12,3.6348,4,"Tablet",15,30,9,3,70,5,3,70,5,"Metro_label"
"373",32,1,6.328,1,"Tablet",20,20,7,2,70,4,2,70,4,"RH_label"
"374",32,2,3.2805,1,"Tablet",20,40,7,3,50,5,3,60,4,"RH_label"
"375",32,3,4.2641,1,"Tablet",25,30,8,3,60,6,3,70,3,"Metro_label"
"376",32,4,4.2827,1,"Tablet",25,30,7,1,50,4,1,70,4,"Metro_label"
"377",32,5,5.3175,1,"Tablet",25,30,9,2,60,5,2,60,5,"RH_label"
"378",32,6,4.7859,1,"Tablet",20,20,9,3,70,4,3,70,5,"RH_label"
"379",32,7,3.4935,1,"Tablet",15,20,9,1,70,5,1,80,3,"RH_label"
"380",32,8,2.8161,1,"Tablet",15,40,8,3,70,5,3,80,4,"RH_label"
"381",32,9,5.2198,1,"Tablet",20,20,9,1,60,6,1,80,5,"RH_label"
"382",32,10,3.0164,1,"Tablet",15,20,8,1,60,6,1,60,5,"RH_label"
"383",32,11,3.8484,1,"Tablet",15,40,8,2,50,4,2,60,3,"RH_label"
"384",32,12,3.0175,1,"Tablet",15,30,7,2,50,6,2,80,3,"RH_label"
"385",33,1,9.4579,4,"Tablet",25,20,8,1,60,4,1,60,3,"Metro_label"
"386",33,2,5.0169,4,"Tablet",20,40,8,2,70,4,2,70,5,"Bus_label"
"387",33,3,10.1662,4,"Tablet",20,30,8,2,60,5,2,60,5,"Bus_label"
"388",33,4,4.8681,4,"Tablet",25,40,7,2,70,6,2,80,5,"Metro_label"
"389",33,5,5.0669,4,"Tablet",20,40,7,3,60,6,3,60,4,"Metro_label"
"390",33,6,5.7997,4,"Tablet",25,20,9,3,50,4,3,80,3,"Metro_label"
"391",33,7,3.0654,4,"Tablet",15,20,9,2,50,6,2,80,4,"Metro_label"
"392",33,8,5.3815,4,"Tablet",20,20,8,1,50,5,1,70,4,"Metro_label"
"393",33,9,4.1165,4,"Tablet",25,40,7,1,60,5,1,80,4,"Metro_label"
"394",33,10,4.1348,4,"Tablet",20,30,9,3,50,6,3,70,4,"Metro_label"
"395",33,11,5.8182,4,"Tablet",15,30,7,1,70,4,1,60,3,"Metro_label"
"396",33,12,4.6331,4,"Tablet",15,30,9,3,70,5,3,70,5,"Bus_label"
"397",34,1,5.3766,3,"Tablet",25,40,9,1,50,4,1,60,5,"Metro_label"
"398",34,2,3.8612,3,"Tablet",20,30,8,1,70,6,1,80,5,"Metro_label"
"399",34,3,7.1829,3,"Tablet",15,30,8,3,50,4,3,80,5,"Metro_label"
"400",34,4,6.6998,3,"Tablet",15,30,8,1,60,5,1,70,4,"Metro_label"
"401",34,5,6.6801,3,"Tablet",25,20,7,3,50,5,3,60,5,"Metro_label"
"402",34,6,5.2324,3,"Tablet",15,20,7,2,60,5,2,70,3,"Metro_label"
"403",34,7,6.8164,3,"Tablet",20,30,7,3,60,4,3,80,4,"Metro_label"
"404",34,8,4.4996,3,"Tablet",20,40,9,2,60,4,2,80,3,"Metro_label"
"405",34,9,9.2328,3,"Tablet",15,40,9,2,70,6,2,60,4,"RH_label"
"406",34,10,5.3498,3,"Tablet",25,40,9,3,70,5,3,70,3,"Metro_label"
"407",34,11,3.6314,3,"Tablet",25,20,8,2,50,6,2,70,5,"Metro_label"
"408",34,12,5.383,3,"Tablet",20,30,7,1,70,6,1,70,3,"Metro_label"
"409",35,1,7.7282,1,"Tablet",20,20,7,2,70,4,2,70,4,"Metro_label"
"410",35,2,7.0698,1,"Tablet",20,40,7,3,50,5,3,60,4,"Metro_label"
"411",35,3,8.2578,1,"Tablet",25,30,8,3,60,6,3,70,3,"RH_label"
"412",35,4,5.88,1,"Tablet",25,30,7,1,50,4,1,70,4,"Metro_label"
"413",35,5,7.884,1,"Tablet",25,30,9,2,60,5,2,60,5,"Metro_label"
"414",35,6,7.7497,1,"Tablet",20,20,9,3,70,4,3,70,5,"RH_label"
"415",35,7,7.7682,1,"Tablet",15,20,9,1,70,5,1,80,3,"RH_label"
"416",35,8,7.7529,1,"Tablet",15,40,8,3,70,5,3,80,4,"Metro_label"
"417",35,9,6.0031,1,"Tablet",20,20,9,1,60,6,1,80,5,"Metro_label"
"418",35,10,9.7355,1,"Tablet",15,20,8,1,60,6,1,60,5,"Metro_label"
"419",35,11,8.0194,1,"Tablet",15,40,8,2,50,4,2,60,3,"Metro_label"
"420",35,12,9.3337,1,"Tablet",15,30,7,2,50,6,2,80,3,"Metro_label"
"421",36,1,5.925,1,"Tablet",20,20,7,2,70,4,2,70,4,"RH_label"
"422",36,2,4.2845,1,"Tablet",20,40,7,3,50,5,3,60,4,"Metro_label"
"423",36,3,4.6867,1,"Tablet",25,30,8,3,60,6,3,70,3,"Metro_label"
"424",36,4,5.0997,1,"Tablet",25,30,7,1,50,4,1,70,4,"Metro_label"
"425",36,5,6.4306,1,"Tablet",25,30,9,2,60,5,2,60,5,"RH_label"
"426",36,6,6.2637,1,"Tablet",20,20,9,3,70,4,3,70,5,"Bus_label"
"427",36,7,3.9821,1,"Tablet",15,20,9,1,70,5,1,80,3,"Metro_label"
"428",36,8,4.4163,1,"Tablet",15,40,8,3,70,5,3,80,4,"RH_label"
"429",36,9,5.5162,1,"Tablet",20,20,9,1,60,6,1,80,5,"RH_label"
"430",36,10,3.6135,1,"Tablet",15,20,8,1,60,6,1,60,5,"RH_label"
"431",36,11,5.1685,1,"Tablet",15,40,8,2,50,4,2,60,3,"RH_label"
"432",36,12,4.2371,1,"Tablet",15,30,7,2,50,6,2,80,3,"Metro_label"
"433",37,1,4.4576,1,"Tablet",20,20,7,2,70,4,2,70,4,"Metro_label"
"434",37,2,6.6037,1,"Tablet",20,40,7,3,50,5,3,60,4,"Metro_label"
"435",37,3,7.7947,1,"Tablet",25,30,8,3,60,6,3,70,3,"Metro_label"
"436",37,4,4.8833,1,"Tablet",25,30,7,1,50,4,1,70,4,"Metro_label"
"437",37,5,3.2832,1,"Tablet",25,30,9,2,60,5,2,60,5,"Metro_label"
"438",37,6,7.6649,1,"Tablet",20,20,9,3,70,4,3,70,5,"Bus_label"
"439",37,7,3.0497,1,"Tablet",15,20,9,1,70,5,1,80,3,"Metro_label"
"440",37,8,3.7664,1,"Tablet",15,40,8,3,70,5,3,80,4,"Metro_label"
"441",37,9,3.2995,1,"Tablet",20,20,9,1,60,6,1,80,5,"Metro_label"
"442",37,10,2.9626,1,"Tablet",15,20,8,1,60,6,1,60,5,"Metro_label"
"443",37,11,4.8165,1,"Tablet",15,40,8,2,50,4,2,60,3,"Metro_label"
"444",37,12,5.1998,1,"Tablet",15,30,7,2,50,6,2,80,3,"Metro_label"
"445",38,1,7.239,3,"Tablet",25,40,9,1,50,4,1,60,5,"Metro_label"
"446",38,2,6.0485,3,"Tablet",20,30,8,1,70,6,1,80,5,"RH_label"
"447",38,3,7.7187,3,"Tablet",15,30,8,3,50,4,3,80,5,"Metro_label"
"448",38,4,4.8663,3,"Tablet",15,30,8,1,60,5,1,70,4,"RH_label"
"449",38,5,6.852,3,"Tablet",25,20,7,3,50,5,3,60,5,"Metro_label"
"450",38,6,6.5378,3,"Tablet",15,20,7,2,60,5,2,70,3,"RH_label"
"451",38,7,5.9496,3,"Tablet",20,30,7,3,60,4,3,80,4,"Metro_label"
"452",38,8,7.4811,3,"Tablet",20,40,9,2,60,4,2,80,3,"Metro_label"
"453",38,9,6.4663,3,"Tablet",15,40,9,2,70,6,2,60,4,"Bus_label"
"454",38,10,10.2503,3,"Tablet",25,40,9,3,70,5,3,70,3,"Metro_label"
"455",38,11,5.9327,3,"Tablet",25,20,8,2,50,6,2,70,5,"Metro_label"
"456",38,12,6.8702,3,"Tablet",20,30,7,1,70,6,1,70,3,"Metro_label"
"457",39,1,7.0739,1,"Tablet",20,20,7,2,70,4,2,70,4,"Bus_label"
"458",39,2,3.7844,1,"Tablet",20,40,7,3,50,5,3,60,4,"Metro_label"
"459",39,3,6.3339,1,"Tablet",25,30,8,3,60,6,3,70,3,"Metro_label"
"460",39,4,3.9989,1,"Tablet",25,30,7,1,50,4,1,70,4,"Metro_label"
"461",39,5,4.0342,1,"Tablet",25,30,9,2,60,5,2,60,5,"Bus_label"
"462",39,6,9.3512,1,"Tablet",20,20,9,3,70,4,3,70,5,"Bus_label"
"463",39,7,8.649,1,"Tablet",15,20,9,1,70,5,1,80,3,"Metro_label"
"464",39,8,3.9498,1,"Tablet",15,40,8,3,70,5,3,80,4,"Metro_label"
"465",39,9,10.8665,1,"Tablet",20,20,9,1,60,6,1,80,5,"Metro_label"
"466",39,10,4.9454,1,"Tablet",15,20,8,1,60,6,1,60,5,"Metro_label"
"467",39,11,12.9355,1,"Tablet",15,40,8,2,50,4,2,60,3,"Metro_label"
"468",39,12,9.1999,1,"Tablet",15,30,7,2,50,6,2,80,3,"Metro_label"
"469",40,1,4.8623,3,"Tablet",25,40,9,1,50,4,1,60,5,"Metro_label"
"470",40,2,3.6331,3,"Tablet",20,30,8,1,70,6,1,80,5,"Metro_label"
"471",40,3,5.7194,3,"Tablet",15,30,8,3,50,4,3,80,5,"Metro_label"
"472",40,4,6.3152,3,"Tablet",15,30,8,1,60,5,1,70,4,"RH_label"
"473",40,5,4.7849,3,"Tablet",25,20,7,3,50,5,3,60,5,"Metro_label"
"474",40,6,6.0868,3,"Tablet",15,20,7,2,60,5,2,70,3,"RH_label"
"475",40,7,6.7838,3,"Tablet",20,30,7,3,60,4,3,80,4,"RH_label"
"476",40,8,7.532,3,"Tablet",20,40,9,2,60,4,2,80,3,"Metro_label"
"477",40,9,5.1871,3,"Tablet",15,40,9,2,70,6,2,60,4,"RH_label"
"478",40,10,6.4701,3,"Tablet",25,40,9,3,70,5,3,70,3,"Metro_label"
"479",40,11,6.7798,3,"Tablet",25,20,8,2,50,6,2,70,5,"Metro_label"
"480",40,12,5.2319,3,"Tablet",20,30,7,1,70,6,1,70,3,"Metro_label"
